Product,Price,Discount,Feature 1,Feature 2,Delivery method,Colour
Kona Process 134 (2017) Mountain Bike,"€1,899.00 - €2,105.98",No discount applied,Kona 6061 Aluminum Butted 134mm Travel frame,RockShox Sektor Silver RL 140mm forks,Bulk Tracked Courier Delivery:, Black
Kona Process 111 (2016),"€2,079.62 - €2,541.76",No discount applied,Kona 6061 Aluminum frame,RockShox Pike RC 120mm forks,Bulk Tracked Courier Delivery:, Matte Black
Vitus 20Plus Kids Bike,€335.99,No discount applied,Light weight 6061 alloy frame and fork,Tektro Mechanical Disc Brakes,Bulk Tracked Courier Delivery:,Brushed Alloy
Vitus 20 Kids Bike,€257.99,No discount applied,Light weight 6061 alloy frame,Tektro V Brakes,Bulk Tracked Courier Delivery:,Choice of colours
Kiddimoto Stars Kurve Balance Bike,€87.99,Save 10%,"Wheel Size: 12"" (203)",No Feature 2,Bulk Tracked Courier Delivery:,Multicoloured
Vitus ZX1 Aero Disc Road Bike - 105,"€1,559.98",Save 35%,Aero optimised with Kammtail tube profiles,Integrated Aero fork,Bulk Tracked Courier Delivery:, Silver - Black - Gre
Cube Stereo Hybrid 140 HPA 27.5 SL 500 E-Bike (2017),"€4,759.00",Save 15%,"Frame: HPA Ultralight, Advanced Hydroform, Triple Butted, ETC 4-Link, ATG, Boost 148mm, Tuned Drive Position, AXH","Fork: Fox 34 Float FIT4 Factory, Open / Medium / Firm Mode, Open Mode Adjust, Tapered, 15QR, Kashima Coated, 140 mm",Bulk Tracked Courier Delivery:,Iridium
Vitus Mach 3 Urban Bike - Sora,€559.99,Save 20%,Versatile flat bar road bike,Shimano Sora groupset,Bulk Tracked Courier Delivery:, Blue - Orange
Cube Aim SL 29 Hardtail Mountain Bike,€454.80,Save 27%,Steerer: Tapered 1 1/8 - 1 1/2,Bottle Cage Mounts: Single,Bulk Tracked Courier Delivery:, Blue/Red
Vitus Venon CRW Disc Road Bike - 105 Black/Purple 54cm,"€1,319.98",Save 40%,Weight: 9.05kg (19.94lbs),"Frame: Carbon T700-HM UD, 142x12mm TA",Bulk Tracked Courier Delivery:, Black - Purple
GT Air (2019) Bike,€299.00,No discount applied,"Frame: GT FS Design, Hi-Ten Steel","Fork: GT FS Design, Hi-Ten Steel",Bulk Tracked Courier Delivery:,Trans Purple
Fuji Roubaix 1.3 Disc Road Bike (2018),"€1,118.99",Save 30%,"Frame: A6-SL super-butted 6066 aluminum, integrated 1 1/2"" lower head tube, PF30 shell, double water bottle mounts, oversized ETC chainstays, forged-road dropout w/ replaceable derailleur hanger",Fork: FC-440 carbon w/ tapered carbon steerer & alloy dropout,Bulk Tracked Courier Delivery:, Satin Black - Red
Vitus Nippy Balance Bike,€43.99,Save 12%,"Wheel Size: 12"" (203)",No Feature 2,Bulk Tracked Courier Delivery:,Choice of colours
Kona Process 111 DL (2016),"€2,499.00 - €3,195.55",No discount applied,Kona 6061 Aluminum frame,RockShox Pike RCT3 120mm forks,Bulk Tracked Courier Delivery:, Matte Navy
Vitus Energie CRX Cyclocross Bike (Force 1x11 -2019)   B,"€2,127.99",No discount applied,High Modulas Carbon Frame and Fork,Internal Cable Routing,Bulk Tracked Courier Delivery:, Black/Turquoise
Cinelli Experience Women's (Tiagra - 2017) Road Bike,€850.99,Save 34%,Columbus Airplane Alloy frame,Carbon fork with alloy steerer,Bulk Tracked Courier Delivery:,Gray
Felt Doctrine 4 (2018) XC Carbon Hardtail Bike,"€1,997.99",Save 25%,"Frame: Felt XC, UHC Performance Carbon Fibre, MMC with InsideOut construction, carbon dropouts, ControlTaper head tube, Kevlar chain watcher, replaceable hanger, flat mount disc mounts, BB92, 12x148mm Syntace style thru axle, internal cable routing","Fork: RockShox Reba RL 29 Solo Air, 100mm travel, OneLoc remote, 15 x 110mm Boost thru axle",Bulk Tracked Courier Delivery:, Matte Charcoal/Blue/
FE Singlespeed (2019) Bike,€699.99,No discount applied,Frame: Orro Fe Double Butted Steel with Reflective Decals,Fork: Orro Straightblade steel,Bulk Tracked Courier Delivery:, Black
PYRO Disc 105 Racing (2019) Bike,"€1,499.99",No discount applied,Frame: Orro Pyro Carbon Disc Brake Frame,Fork: Orro Superlight 2.0 Full Carbon Disc Brake,Bulk Tracked Courier Delivery:, Black/Red
Niner AIR 9 2-Star Hardtail Bike,"€2,249.00",Save 10%,Frame: Hydroformed Aluminium,"Fork: RockShox Reba RL Solo Air, 100mm, 110x15mm",Bulk Tracked Courier Delivery:, Black/Cyan
Felt FR3 Road Bike (Ultegra - 2017),"€1,919.99",Save 35%,Felt Race Road UHC Performance carbon fiber frame and fork,Shimano Ultegra 2x11 drivetrain,Bulk Tracked Courier Delivery:,Black/Orange
TERRA C 105 Hydro Racing (2019) Bike,"€2,399.99",No discount applied,Frame: Orro Terra C Carbon Frame with Innegra Impact Protection,Fork: Orro Terra C Full Carbon with Innegra Impact Protection,Bulk Tracked Courier Delivery:, Stealth
Icon BMX Bike,€241.99,Save 46%,"Frame: Blank 1020 Hi-Tensile Steel/CrMo downtube, removable brake hardware","Fork: Blank Compound 2, tapered",Bulk Tracked Courier Delivery:,Choice of colours
"Ghost Slamr 4.7 27.5"" Full Suspension Bike","€2,889.99",No discount applied,Steerer: Tapered 1 1/8 - 1 1/2,Bottle Cage Mounts: Single,Bulk Tracked Courier Delivery:, Yellow/Black
Kona Process 134 DL (2017) Mountain Bike,"€2,158.80",Save 46%,Kona 6061 Aluminum Butted 134mm Travel frame,RockShox Pike RC 140mm forks,Bulk Tracked Courier Delivery:, Blue
"Ghost Kato 6.9 29"" Hardtail Bike",€762.99,Save 30%,Frame: Kato AL alloy,"Fork: SR Suntour Epixon-9 RLR DS 29 Air, 100mm travel",Bulk Tracked Courier Delivery:, Neon Green/Night Bla
GT Transeo Sport Easy Entry (2019) Bike,€399.00,No discount applied,"Frame: GT Transeo, Triple Triangle, 6061 series alloy",Forks: GT fork with steel raked legs,Bulk Tracked Courier Delivery:, Satin Black
Ghost Kato R1.0 Kids Bike,€283.99,Save 25%,Frame: Kato Kid AL Alloy,Fork: Ghost AL 20 Rigid,Bulk Tracked Courier Delivery:,Red Flat
Fuji Sportif 2.5 Road Bike,€457.99,Save 30%,"Frame: A2-SL Alloy tapered seatstays & chainstays with rack mount, forged-road dropout with 1 eyelet & replaceable derailleur hanger","Fork: Alloy integrated, 1 1/8"" Alloy steerer",Bulk Tracked Courier Delivery:, Red/Black
Eastway Emitter R1 (Ultegra Di2) Road Bike Black/Multi 58c,"€2,391.99",Save 31%,Full Carbon frame and tapered fork,Shimano Ultegra Di2 drivetrain,Bulk Tracked Courier Delivery:, Black/Claret/Royal
Vitus Energie Cyclocross Bike (Apex 1x11 -2019)   Green/,"€1,119.99",No discount applied,Frame: Hydroformed 6061-T6 triple butted alloy,Forks: High-modulus T700 HM-UD Full Carbon,Bulk Tracked Courier Delivery:, Green
GT Aggressor Comp (2019) Bike,€419.00,No discount applied,"Frame: 6061-T6 Alloy, Triple Triangle","Forks: SR Suntour XCT, 80mm, Coil",Bulk Tracked Courier Delivery:,Choice of colours
Ghost Hybrid Teru BX.9 Bike,"€2,092.99",Save 30%,Frame: Hybride Teru AL,"Fork: SR Suntour XCR 34 LOR, Travel: 120mm",Bulk Tracked Courier Delivery:,Night Black/Neon Gre
Felt F65X (2018) Cyclo Cross Bike,"€1,132.99",Save 19%,"Frame: Felt Cyclocross FLite Custom Butted 6061 aluminum, Dynaform TIG-welded construction, shoulder friendly top tube, BB386, replaceable rear derailleur hanger, internal cable routing, rack mounts","Fork: Felt Cyclocross UHC Advanced Carbon Fibre blades with mudguard mounts, ControlTaper 1.125""-1.5"" alloy steerer, post mount disc tabs",Bulk Tracked Courier Delivery:, Matte Black/Gloss Ch
GT Transeo Elite Hybrid Step Thru Sports Bike,€441.99,Save 20%,"Frame: GT Transeo Triple Triangle 6061 series alloy, smooth-welded, and hydroformed (TT,DT), forged drop-outs, chainstay disc mounts","Fork: SR Suntour NVX-DS HLO 75mm travel, pre-load adjust, Hydraulic Lockout, disc specific, fender mounts",Bulk Tracked Courier Delivery:,Silver
Niner AIR 9 RDO 1-Star Hardtail Bike,"€2,429.00",Save 10%,Frame: RDO Carbon Compaction,"Fork: Rockshox Reba RL Solo Air, 100mm, 110x15mm",Bulk Tracked Courier Delivery:, Orange
Cube SL Road Pro Touring Road Bike,€699.00,Save 21%,No Feature 1,No Feature 2,Bulk Tracked Courier Delivery:,Black/Red
PYRO 105 Racing (2019) Bike,"€1,599.99",No discount applied,Frame: Orro Pyro Carbon Frame,Fork: Orro Superlight 2.0 Full Carbon,Bulk Tracked Courier Delivery:, Red/White
Kona Rove (2018) Road Bike  Black 56cm Stock Bike,€599.00,Save 25%,Frame: 6061 Aluminum,"Forks: 	Kona Project Two Aluminum, Disc",Bulk Tracked Courier Delivery:,Black
Fuji SL 3.3 Road Bike,"€1,373.99",Save 30%,"Frame: C5 carbon frame, integrated head tube with 1 1/2"" lower, PF30 BB, double bottle mounts, oversized chainstays, carbon dropouts with replaceable hanger",Fork: FC-440 carbon with tapered carbon steerer,Bulk Tracked Courier Delivery:, Gloss Blue
Blank Ammo BMX BIke,€202.99 - €233.99,No discount applied,Frame: Blank 1020 Hi-Tensile Steel,"Fork: Blank Compound, tapered",Bulk Tracked Courier Delivery:,Choice of colours
Cinelli Vigorelli Aluminum Bike,€959.99,Save 15%,Frame: Columbus Airplane Triple Butted Alloy,"Fork: Columbus Pista Leggera Carbon, tapered alloy steerer",Bulk Tracked Courier Delivery:,White Team
Vitus Venon CRX Disc Road Bike - Ultegra,"€1,772.99",Save 31%,"Frame: Carbon T700-HM UD, 142x12mm TA","Fork: Full Carbon, 100x12mm TA",Bulk Tracked Courier Delivery:, Black - Blue
"Ruption Friction BMX Bike (2019) Copper 20""",€360.00,No discount applied,"Frame: Ruption Tri-Moly with 20.75"" top tube",Forks: Ruption tapered 1020 hi-ten with 4130 chromoly steerer,Bulk Tracked Courier Delivery:,Choice of colours
Vitus Sommet CRX FS Bike - Carbon Sram X1 1x11,"€3,346.99",Save 30%,Steerer: Tapered 1 1/8 - 1 1/2,Bottle Cage Mounts: Single,Bulk Tracked Courier Delivery:,Choice of colours
Colnago A1-R 105 Road Bike,"€1,454.99",Save 25%,Frame: Colnago A1-R,Fork: Colnago Street,Bulk Tracked Courier Delivery:, Black-Red-Green
Cube Cross Race C:62 Pro Mountain Bike 2018,"€2,069.00",Save 15%,Fork Material: Carbon,Steerer: Tapered 1 1/8 - 1 1/2,Bulk Tracked Courier Delivery:,Gray/Orange
GT Team Comp (2019) Bike,€499.00,No discount applied,"Frame: GT FS Design, Cr-Mo Front Triangle and chainstays","Fork: GT FS Design, CrMo 1-piece",Bulk Tracked Courier Delivery:,Choice of colours
Blank Ammo BMX Bike (2019),€360.00,Save 4%,Frame: Blank 1020 Hi-Tensile Steel,"Forks: Blank Compound, 20"", tapered, 30mm offset",Bulk Tracked Courier Delivery:,Choice of colours
Kiddimoto Super Junior Max Stars Balance Bike,€110.99,Save 9%,"Wheel Size: 12"" (203)",No Feature 2,Bulk Tracked Courier Delivery:,Multicoloured
Access WS Pro Bike,€538.99,No discount applied,MTB: Yes,No Feature 2,Bulk Tracked Courier Delivery:,Mint/Raspberry
GT Performer Jr (2019) Bike,€279.00,No discount applied,"Frame: GT FS Design, Hi-Ten Steel","Fork: GT FS Design, Hi-Ten Steel",Bulk Tracked Courier Delivery:,Choice of colours
"Ghost Slamr 6.9 29"" Full Suspension Bike","€2,691.99",Save 25%,Steerer: Tapered 1 1/8 - 1 1/2,Bottle Cage Mounts: Single,Bulk Tracked Courier Delivery:,Smoke Grey/Night Bla
"Ghost Lanao 4.9 29"" Ladies Hardtail Bike",€593.99,Save 30%,"Wheel Size: 29"" (622)",No Feature 2,Bulk Tracked Courier Delivery:,Star White/Iridium S
GT Avalanche Sport (2019) Bike,€499.00,No discount applied,"Frame: 6061 T6 Alloy, Triple Triangle design",Forks: SR Suntour XCT-DS,Bulk Tracked Courier Delivery:,Choice of colours
Cube Reaction C:62 SL 27.5 Hardtail Mountain Bike,"€1,899.00",Save 24%,"Frame: C:62 Monocoque Advanced Twin Mold Technology, ARG2, Tapered Headtube, PressFit Boost BB, Integrated Cable Routing, Boost148, Dropper Post Ready","Fork: Fox 32 Float SC FIT4, 2-Position Remote Lever, Tapered, 15x110mm, 100mm",Bulk Tracked Courier Delivery:, Gray/Blue
GT Grade Carbon Elite (2019) Bike,"€1,899.00",No discount applied,Frame: GT EnduRoad carbon frame,Fork: Grade Full Carbon,Bulk Tracked Courier Delivery:, Satin Black & Wine
Cube Reaction C:62 Pro 27.5 Hardtail Mountain Bike,"€1,499.00",Save 16%,MTB: Yes,No Feature 2,Bulk Tracked Courier Delivery:,Carbon/Red
Vitus Energie CR Cyclocross Bike (Rival 1x11 -2019)   Gr,"€1,903.99",No discount applied,High Modulas Carbon Frame and Fork,Internal Cable Routing,Bulk Tracked Courier Delivery:, Turquoise
"GT Stomper Ace 20"" (2019) Bike",€339.00,No discount applied,"Frame: Alloy, GT LegitFit Design","Forks: GT Rigid, Hi-Ten Steel",Bulk Tracked Courier Delivery:,Gloss Chartreuse
De Rosa King XS (Chorus - 2018) Road Bike,"€4,435.99",Save 25%,"Frame: TI1000, TI 800 and XN10 Carbon Fibre",Fork: De Rosa King XS,Bulk Tracked Courier Delivery:, Gray
Stolen Sinner FC BMX Bike,€703.60,No discount applied,"Frame: 100% 4130 CrMo Frame, Removable Brake Mounts, S-Bend Chainstays for Bigger Tyres","Fork: 100% 4130 CrMo, tapered Legs, one-piece Steerer, compressor topcap, 28mm offset",Bulk Tracked Courier Delivery:, Trans Grey
Fuji Nevada 27.5 1.9 Hardtail Bike,€367.99,Save 25%,Frame: Fuji A2-SL custom-butted,Fork: SR Suntour SF14-3030 27.5 w/ 75mm travel,Bulk Tracked Courier Delivery:, Sport White
GT Force AL Comp (2019) Bike,"€2,499.00",No discount applied,"Frame: All New Force Alloy, 150mm rear wheel travel, alloy front and rear frame, Boost 148 rear spacing, ISCG05 mounts, LockR pivots, Metric Trunnion shock mounts, coil shock compatible","Fork: RockShox Revelation RC, 160mm, Charger Damper, DebonAir, 15x110, tapered steerer",Bulk Tracked Courier Delivery:, Gloss Deep Red
GT Aggressor Expert (2019) Bike,€449.00,No discount applied,Frame: 6061-T6 Aluminium Triple Triangle™ design,"Forks: SR Suntour XCM-DS, Travel: 80mm",Bulk Tracked Courier Delivery:,Choice of colours
De Rosa SK Disc (Ultegra - 2018) Road Bike,"€3,880.99",Save 22%,"Frame: 24T, 30T, 40T, and 60T Carbon Fibre",Fork: De Rosa SK,Bulk Tracked Courier Delivery:,Black/Orange
GT Avalanche Comp (2019) Bike,€599.00,No discount applied,"Frame: 6061 T6 Alloy, Triple Triangle","Forks: SR Suntour XCM-DS, Travel: 100mm",Bulk Tracked Courier Delivery:, Gloss Red
Ruption Newboy BMX Bike (2019),€155.98,Save 30%,"Frame: Ruption 1020 Hi-Ten with 18"" Top Tube",Forks: Ruption 1020 Hi-Ten,Bulk Tracked Courier Delivery:,Choice of colours
Cube Sting WS 120 PRO Bike,"€1,799.00",No discount applied,Steerer: Tapered 1 1/8 - 1 1/2,Bottle Cage Mounts: Single,Bulk Tracked Courier Delivery:,Iridium/Berry
GT Avalanche Elite (2019) Bike,€729.00,No discount applied,Frame: 6061 T6 Triple Triangle Alloy,"Forks: SR Suntour XCR32 RLR, Travel: 100mm",Bulk Tracked Courier Delivery:, Gloss Black
Cube Kathmandu PRO Trapeze Urban Bike (2018),"€1,104.00",Save 15%,Frame: Aluminium Superlite Trekking Comfort IC 2.0 Double Butted,Frame Design: Trapeze Women's model with dropped top-tube for ease of access.,Bulk Tracked Courier Delivery:,Iridium - Blue
Fuji Addy 27.5 1.3 Hardtail Bike (2018),€636.99,Save 24%,Frame: Fuji A2-SL custom-butted alloy,"Forks: SR Suntour SF15-XCM-RL-DS-27.5 w/ remote lockout, 100mm travel",Bulk Tracked Courier Delivery:, Fuschia
Felt Doctrine 5 (2018) XC Carbon Hardtail Bike,"€1,401.99",Save 25%,"Frame: Felt XC, UHC Performance carbon fibre, MMC with InsideOut construction, carbon dropouts, ControlTaper head tube, Kevlar chain watcher, replaceable hanger, flat mount disc mounts, BB92, 12x148mm Syntace style thru axle","Fork: RockShox Recon RL Solo Air, 100mm travel, OneLoc remote, 15x110mm Boost thru axle",Bulk Tracked Courier Delivery:, Matte Marlin Blue
"Ghost Framr 6.7 27.5"" Full Suspension Bike","€3,819.99",No discount applied,Steerer: Tapered 1 1/8 - 1 1/2,Bottle Cage Mounts: Single,Bulk Tracked Courier Delivery:, Monarch Orange/Night
Vitus Venon Disc Road Bike - Tiagra,"€1,019.98 - €1,049.99",No discount applied,"Frame: Carbon T700-HM UD, 142x12mm TA","Fork: Carbon, 100x12mm TA",Bulk Tracked Courier Delivery:, Black - Red
Cube Stereo Hybrid 140 Race 500 E-Bike (2018),"€3,144.00",Save 15%,"Frame: HPA Ultralight, Advanced Hydroform, Triple Butted, ETC 4-Link, ATG, Boost 148, Tuned Drive Position, AXH","Fork and Shock: Fox 34 Rhythm, 2-Position Sweep-Adjust GRIP Damper, Tapered, 15x110mm, 140mm; Fox Float DPS EVOL, 190x50mm, Open/Medium/Firm Mode",Bulk Tracked Courier Delivery:,Choice of colours
Ghost Hybrid Teru B7.7+ Hardtail Bike,"€2,499.99",Save 63%,Frame: Hybride Teru AL Alloy,"Fork: RockShox Yari RC Debon Air, Travel: 120mm",Bulk Tracked Courier Delivery:, Night Black/Neon Red
Cube Axial WS,€538.80,Save 28%,Fork Material: Carbon,Steerer: Tapered 1 1/8 - 1 1/2,Bulk Tracked Courier Delivery:,Aqua/Blue
Fuji Nevada 29 1.1 Hardtail Bike (2018),€748.99,Save 25%,"Frame: Fuji A2-SL custom-butted alloy front triangle w/ PowerCurve down tube, Fuji A1-SL alloy rear triangle, post disc mount, cold-forged dropout and replaceable hanger","Fork: RockShox XC30 TK 29, 100mm travel",Bulk Tracked Courier Delivery:,Choice of colours
Cube Hanzz 190 Race 27.5 Suspension Bike,"€1,999.00 - €2,069.00",No discount applied,MTB: Yes,No Feature 2,Bulk Tracked Courier Delivery:, Red/Lime
Niner RLT 9 2-Star Apex 1 Gravel Bike,"€2,069.00",Save 10%,Frame: Hydroformed Aluminium,"Fork: Niner Full Carbon RDO Fork with rack mounts, 15mm",Bulk Tracked Courier Delivery:, Forge/Teal/Orange
GT Team (2019) Bike,€399.00,No discount applied,"Frame: GT FS Design, CrMo Top tube, Downtube, and Seat tube","Forks: GT FS Design, CrMo 2-piece",Bulk Tracked Courier Delivery:,Choice of colours
GT Sensor AL Comp (2019) Bike,"€2,399.00",No discount applied,"Frame: Sensor Alloy, 130mm rear travel",Forks: RockShox Sektor RL DebonAir,Bulk Tracked Courier Delivery:, Gloss Moss Green
Vitus Vitesse Evo Team Road Bike - Dura Ace,"€3,299.99",Save 25%,Weight: 7.14 Kg / 15.74 lbs,Frame: Carbon T700-HM UD,Bulk Tracked Courier Delivery:, Black - Red
Vitus Mach 3 Urban Bike - Tourney,€383.99,Save 20%,Hydro formed 6061 Aluminium hybrid frame,Comfort seat stays,Bulk Tracked Courier Delivery:, Teal - Blue
Fuji Nevada 29 2.0 Hardtail Bike (2018),€599.98,Save 33%,Frame: Fuji A2-SL custom-butted alloy,"Fork: SR Suntour SF15-XCM-RL-DS-29 w/ remote lockout, 100mm travel",Bulk Tracked Courier Delivery:, Satin Orange
Kiddimoto Union Jack Kurve Balance Bike,€87.99,Save 10%,"Wheel Size: 12"" (203)",No Feature 2,Bulk Tracked Courier Delivery:,"Red, White & Blue"
Cube Town Hybrid Sport PRO 400 Trapeze E-Bike (2018),"€2,124.00",Save 15%,"Frame: Aluminium Superlite, Trekking Premium Comfort, IC 2.0, Double Butted","Fork: SR Suntour NCX D LO Air, 50mm, Lockout",Bulk Tracked Courier Delivery:,Grey - Copper
Cube Axial WS GTC Pro,"€1,078.80",Save 32%,Fork Material: Carbon,Steerer: Tapered 1 1/8 - 1 1/2,Bulk Tracked Courier Delivery:,Black/Red
Vitus Razor VRX Road Bike,€639.99,Save 20%,Weight: 9.9kg,"Frame: AL6061 Alloy, 130mm QR",Bulk Tracked Courier Delivery:, Black - Red
Cube Agree C:62 Pro Road Bike,"€1,999.00",Save 13%,Fork Material: Carbon,Steerer: Tapered 1 1/8 - 1 1/2,Bulk Tracked Courier Delivery:,Carbon/Blue
"Ghost Lector 7.9 29"" Hardtail Bike","€2,905.99",Save 29%,Steerer: Tapered 1 1/8 - 1 1/2,Bottle Cage Mounts: Single,Bulk Tracked Courier Delivery:, Spectra Yellow/Night
GT Aggressor Sport (2019) Bike,€399.00,No discount applied,Frame: 6061-T6 Aluminium Triple Triangle,"Forks: SR Suntour M3030 , Travel: 80mm",Bulk Tracked Courier Delivery:,Choice of colours
Cell BMX Bike,€216.99,Save 48%,Frame: Blank 1020 Hi-Tensile Steel,"Fork: Blank Compound, tapered",Bulk Tracked Courier Delivery:,Choice of colours
Cube Reaction C:62 27.5 Hardtail Mountain Bike,"€1,274.00",Save 17%,MTB: Yes,No Feature 2,Bulk Tracked Courier Delivery:,Carbon/White
GT Mach One Pro (2019) Bike,€339.00,No discount applied,"Frame: GT Mach One Race, 6061-T6 AL, Euro BB, Reverse Dropouts, 1-1/8"" Integrated H/T","Forks: GT BMX design, 1-1/8"" Steerer x 31.8mm blades, Hi-Ten Blades",Bulk Tracked Courier Delivery:,Electric Blue
Cube Nuroad Road Bike,€899.00,Save 10%,Road: Yes,No Feature 2,Bulk Tracked Courier Delivery:,Black/Red
Fuji Addy 27.5 1.7 Hardtail Bike (2018),€448.99,Save 25%,Frame: Fuji A2-SL custom-butted alloy,"Forks: SR Suntour SF16-XCT-HLO-DS-27.5 w/ hydraulic lockout, 100mm travel",Bulk Tracked Courier Delivery:, Purple Night
"Ghost Kato 2.7 27.5"" Hardtail Bike",€478.99,Save 23%,Steerer: Tapered 1 1/8 - 1 1/2,Bottle Cage Mounts: Single,Bulk Tracked Courier Delivery:,Neon Yellow/Night Bl
Felt VR3W Womens Road Bike(Ultegra - 2017),"€1,871.98",Save 39%,All new frame design,Shimano Ultegra drivetrain,Bulk Tracked Courier Delivery:,Black/Blue
Cube  Aim Pro 29 Hardtail Mountain Bike,€399.00,Save 25%,Steerer: Tapered 1 1/8 - 1 1/2,Bottle Cage Mounts: Single,Bulk Tracked Courier Delivery:,Choice of colours
Kona Honzo AL/DL (2018) Mountain Bike,"€1,874.00",Save 25%,Frame: 6061 butted Alloy,"Forks: RockShox Revelation RC Solo Air, Travel: 120mm",Bulk Tracked Courier Delivery:, Matt Midnight Blue
Vitus Vitesse Evo CR Road Bike - Ultegra,"€1,749.99",Save 36%,Weight: 7.6kg,High Modulus T700 carbon frameset,Bulk Tracked Courier Delivery:, Green - Black
Cube Kid 200 Mountain Bike,€215.98,Save 30%,No Feature 1,No Feature 2,Bulk Tracked Courier Delivery:,Choice of colours
Kona Esatto (2016),€649.00,Save 35%,Kona SuperLight 7046 Aluminum Butted frame,Kona Carbon race forks,Bulk Tracked Courier Delivery:,Matte Black
Fuji Track 650 Bike (2018),€370.99,Save 29%,"Frame: Elios 2, custom-butted Cr-Mo","Fork: Elios 2, custom-butted Cr-Mo",Bulk Tracked Courier Delivery:,Black - Red
Kona Fire Mountain (2018) Mountain Bike  Black M Stock,€564.00,Save 24%,"Frame: 6061 Aluminum, Butted","Forks: Suntour XCR 32 LO-R, 100mm",Bulk Tracked Courier Delivery:,Matt Green
Vitus Substance V2 Gravel Bike - Apex1,"€1,149.99",Save 25%,Fork Material: Carbon,Steerer: Tapered 1 1/8 - 1 1/2,Bulk Tracked Courier Delivery:, Blue - Grey
Cube Reaction C:62 Eagle 27.5 Hardtail Mountain Bike,"€2,549.00",Save 15%,Steerer: Tapered 1 1/8 - 1 1/2,Bottle Cage Mounts: Single,Bulk Tracked Courier Delivery:,Caron/Green
Cube Town Hybrid Sport PRO 500 Trapeze E-Bike (2018),"€2,294.00",Save 15%,"Frame: Aluminium Superlite, Trekking Premium Comfort, IC 2.0, Double Butted","Fork: SR Suntour NCX D LO Air, 50mm, Lockout",Bulk Tracked Courier Delivery:,Grey - Copper
Fuji Sportif 1.3 Disc Road Bike Black/Red 58cm Stock Bi,"€1,068.99",Save 29%,"Frame: A2-SL alloy tapered seatstays & chainstays with rack mount, flat mount disc & replaceable derailleur hanger","Fork: FC-440 carbon monocoque with tapered carbon steerer, 12mm thru-axle dropout with flat-mount disc system",Bulk Tracked Courier Delivery:, Satin Black/Red
Felt Decree 5 (2018) Full Suspension MTB Bike,"€2,548.99",Save 25%,"Frame: Felt Trail, 140mm travel, FAST suspension, UHC Advanced carbon fibre, MMC with InsideOut construction, full carbon dropouts, ControlTaper head tube, post disc mount, carbon fibre rocker links, 1X specific,12x148mm Syntace style thru axle","Fork: RockShox Recon Gold RL, 150mm travel , 15x110mm Boost thru axle",Bulk Tracked Courier Delivery:, Matte Slater Blue/Ca
Cinelli Vigorelli Steel Bike  Black/Multi L Stock Bike,"€1,138.99",Save 15%,Frame: Columbus Thron Steel tubeset,"Fork: Columbus Futura Carbon Monocoque, 1-1/8 to 1-1/2 tapered steerer",Bulk Tracked Courier Delivery:,Electric Italo
Vitus Nucleus 275 V HT Bike,€383.99,Save 20%,Frame: Aluminium,"Forks: Suntour XCT HLO 27.5""",Bulk Tracked Courier Delivery:, Chrome - Black
Kiddimoto Super Junior Max Fossil Balance Bike,€110.99,Save 9%,"Wheel Size: 12"" (203)",No Feature 2,Bulk Tracked Courier Delivery:,Multicoloured
Cinelli Experience Centaur Bike:Silver:XL:Stock Bike,"€1,253.99",Save 14%,Frame: Columbus Airplane Triple Butted Alloy,"Fork: Columbus carbon, Alloy 1 1/8"" to 1 1/2"" steerer",Bulk Tracked Courier Delivery:,Choice of colours
"Ghost Slamr 4.9 29"" Full Suspension Bike","€2,071.99",Save 28%,Steerer: Tapered 1 1/8 - 1 1/2,Bottle Cage Mounts: Single,Bulk Tracked Courier Delivery:,Titanium Grey/Iridiu
Vitus ZX1 Team Aero Disc Road Bike-Dura Race,"€3,999.99",Save 20%,Weight: 7.83kg,Aero optimised with Kammtail tube profiles,Bulk Tracked Courier Delivery:, Black - Red
Stolen Stereo BMX Bike,€277.99,Save 34%,Frame: Hand-welded 100% High-tensile Steel,"Fork: High-tensile Steel, tapered legs, one-piece steerer with compressor top cap, 32mm offset",Bulk Tracked Courier Delivery:,Redrum
Kiddimoto Super Junior Max Fleur Balance Bike,€110.99,Save 9%,"Wheel Size: 12"" (203)",No Feature 2,Bulk Tracked Courier Delivery:,MultiColor
GT Performer Lil (2019) Bike,€279.00,No discount applied,"Frame: GT FS Design, Hi-Ten Steel","Fork: GT FS Design, Hi-Ten Steel",Bulk Tracked Courier Delivery:,Pitch Green
Vitus Energie VR Cyclocross Bike (Rival 1x11 -2019),"€1,343.99",No discount applied,Frame: Hydroformed 6061-T6 triple butted alloy,Forks: High-modulus T700 HM-UD Full Carbon,Bulk Tracked Courier Delivery:, Black/Plum
Fuji Gran Fondo Classico 1.1 Road Bike (2018),"€1,328.99",Save 30%,Frame: C5 carbon,Forks: FC-440 carbon w/ tapered carbon steerer & alloy dropout,Bulk Tracked Courier Delivery:, Satin Grey - Gloss B
Kona Esatto (2017) Road Bike,€709.00,Save 35%,Frame: Kona SuperLight 7046 Aluminum Butted,Forks: Kona Carbon Race,Bulk Tracked Courier Delivery:, Matt Black & Lime Gr
GT Sensor AL Sport (2019) Bike,"€1,899.00",No discount applied,Frame: Sensor Alloy with 130mm rear wheel travel,"Forks: RockShox Rekon RL Solo air, Travel: 130mm",Bulk Tracked Courier Delivery:, Gloss Slate Blue
Vitus Zenium SL VRX Disc Road Bike - Ultegra,"€1,549.99",Save 18%,Weight: 8.67kg,Superlight 6066 Triple butted SL frame,Bulk Tracked Courier Delivery:, Blue - Black
Cube Axial WS Pro Disc,€649.00,Save 27%,Fork Material: Carbon,Steerer: Tapered 1 1/8 - 1 1/2,Bulk Tracked Courier Delivery:,White/Red
Kona Wheelhouse (2017) Road Bike,"€1,099.00",Save 42%,Frame: Reynolds 853 Butted CrMo,Fork: Kona Carbon road disc,Bulk Tracked Courier Delivery:,Gloss Blue
Octane One Melt Dirt Jump Bike,€628.99,Save 10%,"Frame: 6061 T6 Aluminium custom formed and butted tubes, tapered integrated headset","Fork: RST Dirt RA, 100mm travel, 10mm axle",Bulk Tracked Courier Delivery:,Gray/Black
"Ghost Lector 4.9 29"" Hardtail Bike","€2,017.99",Save 30%,Steerer: Tapered 1 1/8 - 1 1/2,Bottle Cage Mounts: Single,Bulk Tracked Courier Delivery:,Neon Orange/Night Bl
Fuji Finest 2.1 Road Bike (2018),€664.99,Save 29%,Frame: A2-SL alloy,"Forks: FC-770 carbon integrated w/ 1 1/8"" alloy steerer",Bulk Tracked Courier Delivery:,Silver Ice
Fuji SL 2.3 Disc Road Bike (2018),"€1,948.99",Save 25%,"Frame: C10 high-modulus carbon, integrated head tube w/ 1 1/2"" lower, PF30 BB, double water bottle mounts, oversized ETC chainstays, flat-mount disc system, carbon dropout w/ 12mm convertible thru-axle system w/ replaceable hanger","Fork: FC-440 carbon monocoque w/ tapered carbon steerer, 12mm thru-axle dropout w/ flat-mount disc system",Bulk Tracked Courier Delivery:, Satin Storm Silver
Blank Cell BMX Bike (2019),€385.00,No discount applied,"Frame: Blank 1020 Hi-Tensile Steel with ""Park"" geometry","Forks: Blank Compound, 20"", tapered, 30mm offset",Bulk Tracked Courier Delivery:,Choice of colours
GT Mach One Junior (2019) Bike,€339.00,No discount applied,"Frame: GT Mach One Race, 6061-T6 AL, Euro BB, Reverse Dropouts, 1"" Integrated H/T","Forks: GT BMX Junior Race, Hi-Ten Steel 1"" Steerer, Oval 31.8 X 1.4mm Blades, 315mm A/C, 3/8"" Dropouts",Bulk Tracked Courier Delivery:,Electric Blue
"Cube Access WS EAZ 29"" Hardtail Bike (2018)",€382.80,Save 23%,"Frame: Aluminium Lite, AMF, Internal Cable Routing, Easy Mount Kickstand Ready","Fork: 	SR Suntour XCT Disc, 100mm",Bulk Tracked Courier Delivery:,Choice of colours
Fuji Nevada 29 1.3 Hardtail Bike,€637.99,Save 25%,Frame: Fuji A2-SL,"Fork: SR Suntour SF15-XCM-RL-DS-29 w/ remote lockout, 100mm travel",Bulk Tracked Courier Delivery:,Choice of colours
Vitus Substance Gravel Bike - Sora,€649.99,Save 23%,4130 CrMo frame & fork,"700c wheels, 38c tyres",Bulk Tracked Courier Delivery:, Green - Khaki
Vitus 14 Kids Bike,€212.99,No discount applied,Light weight 6061 alloy frame,Custom handlebars designed for tiny hands,Bulk Tracked Courier Delivery:,Choice of colours
Cube Cross Hybrid ONE 400 E-Bike,"€1,618.99",Save 10%,Commuter: Yes,No Feature 2,Bulk Tracked Courier Delivery:,Black/Blue
Brand-X - Road Bike,€338.99,No discount applied,Brand-X Road Alloy 6061 Frame,Shimano 14 speed Tourney drivetrain,Bulk Tracked Courier Delivery:, Black
Cinelli Gazzetta  Bike,€726.99,Save 14%,Frame: Columbus CrMo Double Butted,Fork: Columbus CrMo 1 1/8,Bulk Tracked Courier Delivery:,Beyond Blue Eyes
GT Performer (2019) Bike,€339.00,No discount applied,"Frame: GT FS Design, Hi-Ten Steel Tubes, DT Gusset, seat stay mounted U-Brake, Integrated 1-1/8"" headtube, removable rotor tabs, Odyssey Springfield brake compatible","Fork: GT FS Design, Hi-Ten, tapered steerer, O.D. Blades, 31mm Offset, 3/8"" Axle Dropouts",Bulk Tracked Courier Delivery:,Choice of colours
Vitus Escarpe 29 VRX FS Bike GX Eagle 1x12,"€2,332.99",Save 22%,"Frame: Hydroformed Triple Butted 6061-T6 Aluminium with patented four-bar V-Link rear suspension, 140mm travel","Forks: RockShox Lyrik RCT3, 150mm travel",Bulk Tracked Courier Delivery:,Black - Blue
"Ghost Lanao 2.7 27.5""Ladies Full Suspension Bike","€1,089.99",Save 31%,Steerer: Tapered 1 1/8 - 1 1/2,Bottle Cage Mounts: Single,Bulk Tracked Courier Delivery:,Berry Pink/Night Bla
"GT Mach One 20"" (2019) Bike",€339.00,No discount applied,"Frame: GT Mach One Race, 6061-T6 AL, Euro BB, Reverse Dropouts, 1"" Integrated H/T","Forks: GT BMX Junior Race, Hi-Ten Steel 1"" Steerer, Oval 31.8 X 1.4mm Blades, 315mm A/C, 3/8"" Dropouts",Bulk Tracked Courier Delivery:,Electric Blue
Fuji Nevada 29 1.5 Hardtail Bike,€530.99 - €531.99,No discount applied,Frame: Fuji A2-SL,"Fork: SR Suntour SF15-XCM-HLO-DS-29 w/ hydraulic lockout, 100mm travel",Bulk Tracked Courier Delivery:,Choice of colours
Cube Aim Race 27.5 Hardtail Mountain Bike,€439.00 - €449.00,No discount applied,Steerer: Tapered 1 1/8 - 1 1/2,Bottle Cage Mounts: Single,Bulk Tracked Courier Delivery:,Choice of colours
"Ghost Kato  3.7 27.5"" Full Suspension Bike","€1,374.99",Save 30%,Steerer: Tapered 1 1/8 - 1 1/2,Bottle Cage Mounts: Single,Bulk Tracked Courier Delivery:,Star White/Night Bla
Diamondback Heist 3.0 27+ Boost Hardtail Bike,"€1,020.99",Save 10%,"Frame: Alloy Butted Hydroformed Tubing, BOOST spacing, Tapered Headtube, Forged 148x12mm Dropouts",Fork: Rockshox Recon Silver Soloair 120mm BOOST forks,Bulk Tracked Courier Delivery:, Gray
Cube Stereo 140 HPC Race 27.5 Suspension Bike,"€2,248.99",Save 20%,MTB: Yes,No Feature 2,Bulk Tracked Courier Delivery:,Blue/Gray
GT Grade AL Expert (2019) Bike,"€1,199.00",No discount applied,"Frame: Grade alloy frame, hydroformed top tube and downtube",Fork: Grade Carbon disc,Bulk Tracked Courier Delivery:, Satin Blue & Black
Chappelli Cyclo-Cross Bike (2017),€779.99,Save 34%,Frame: CrMo frame,Fork: Carbon Fibre,Bulk Tracked Courier Delivery:,Raw Steel/Black
Cube Elite C:62 27.5 Race Hardtail Bike,"€2,999.00",Save 22%,Steerer: Tapered 1 1/8 - 1 1/2,Bottle Cage Mounts: Single,Bulk Tracked Courier Delivery:, Blackline
Blank Icon BMX Bike (2017),€221.99,Save 44%,Number of gears: 1,"Wheel Size: 20"" (406)",Bulk Tracked Courier Delivery:,Gloss Blue
Cube Aim SL 27.5 Hardtail Mountain Bike,€454.80,Save 27%,Steerer: Tapered 1 1/8 - 1 1/2,Bottle Cage Mounts: Single,Bulk Tracked Courier Delivery:,Choice of colours
Felt Decree 4 (2018) Full Suspension MTB Bike,"€2,889.99",Save 24%,"Frame: Felt Trail, 140mm travel, FAST suspension, UHC Advanced carbon fibre, MMC with InsideOut construction, carbon dropouts, ControlTaper head tube, post disc mount, replaceable hanger, threaded BB, carbon rocker links, 12x148mm Syntace style thru axle","Fork: RockShox Recon Gold RL, 150mm travel , 15x110mm Boost thru axle",Bulk Tracked Courier Delivery:, Matte Black/Lime Gre
GT Grade Carbon Pro Adventure Road Bike,"€2,667.99",Save 20%,"Frame: GT EnduRoad carbon frame and fork, disc specific triple triangle with Tapered head tube, full carbon fork, PFBB30 bottom bracket, removable fender bridge","Fork: GT Carbon with tapered 1 1/8 to 1 1/4 threadless Carbon steerer, disc specific, 15mm thru axle",Bulk Tracked Courier Delivery:, Carbon
Stolen Heist BMX Bike,€476.60,No discount applied,"Frame: CrMo main tubes, S-Bend chainstays for bigger tyres","Fork: 100% 4130 CrMo, tapered legs, one-piece steerer, compressor topcap, 28mm offset",Bulk Tracked Courier Delivery:,Choice of colours
Cube Stereo 120 Pro 29 Suspension Bike,"€1,798.99",Save 16%,MTB: Yes,No Feature 2,Bulk Tracked Courier Delivery:,Grey/FlashYellow
Kiddimoto Super Junior Max Union Jack Balance Bike,€111.99,Save 9%,"Wheel Size: 12"" (203)",No Feature 2,Bulk Tracked Courier Delivery:,"Red, White & Blue"
Kona Mohala Women's (2018) Mountain Bike,€899.00,Save 30%,Frame: Kona Race Light butted Alloy,Forks: RockShox 30 Gold RL Solo Air,Bulk Tracked Courier Delivery:, Gloss Dark & Light G
"Ghost Slamr 6.7 27.5"" Full Suspension Bike","€3,595.99",No discount applied,Steerer: Tapered 1 1/8 - 1 1/2,Bottle Cage Mounts: Single,Bulk Tracked Courier Delivery:, Smoke Grey/Neon Red/
"GT Performer Pro 26"" (2019) Bike",€679.00,No discount applied,"Frame: GT 86' Pro Performer Design, 100% CrMo","Fork: GT FS Design, 86' Performer Design, 100% CrMo",Bulk Tracked Courier Delivery:,Choice of colours
Legion L60 BMX Bike,€267.99,Save 27%,"Frame: Hi-tensile steel, TT:20.5""","Fork: Hi-Ten steel; 1 1/8"" threadless steerer; tapered legs",Bulk Tracked Courier Delivery:,Red
Kona Hei Hei AL/DL (2018) Mountain Bike,"€2,449.00",Save 30%,"Frame: 6061 Aluminum, Butted","Forks: RockShox Reba RL Solo Air, 120mm",Bulk Tracked Courier Delivery:,Green
GT Avalanche Elite 29 Hardtail Mountain Bike,€635.99,Save 14%,"Frame: All New 6061 T6 Aluminum Frame, w/ Triple Triangle?, Replaceable Derailleur Hanger, Disc Brake Mounts, and Zerostack tapered 1 1/8-1 1/2Head Tube, 27.5/29 Design","Fork: SR Suntour XCR 32 Air RLR DS w/ 100mm Travel, Magnesium Lowers, 32mm Cr-mo Steel Uppers, w/ Post Mount Disc Brake, W/ Remote lockout W/Rebound and Preload Adjust, For 27.5 or 29",Bulk Tracked Courier Delivery:,Navy
Vitus E-Sentier VR Hardtail E-Bike - SLX 1x11,"€2,696.99",Save 20%,Steerer: Tapered 1 1/8 - 1 1/2,Bottle Cage Mounts: None,Bulk Tracked Courier Delivery:,Black - Red
Cube Kid 240 Mountain Bike,€299.00,Save 25%,No Feature 1,No Feature 2,No delivery information,Berry/Pink
GT Zaskar Carbon Expert Hardtail Mountain Bike,"€2,079.00",Save 17%,"Frame: F.O.C.? Carbon Frame, Triple Triangle? Frame Construction, F.O.C. BB92 Shell, 12x148mm Thru Axle Dropouts, and 1 1/8"" to 1 1/2"" Tapered Head Tube, w/ 29 Specific Geometry, Boost 148 rear spacing, D12 Internal routing","Fork: Fox Performance 32 StepCast with Grip Damper, Float EVOL Air Spring, 100mm Travel, 15x110mm QR Axle, w/ Rebound Adjust, 51mm offset, Tapered Alloy Steerer",Bulk Tracked Courier Delivery:,Carbon
"DK Swift Expert 20"" Bike",€280.99,Save 40%,Frame: 6061 aluminium frame with welded-on brake mounts,"Fork: Hi-tensile Steel with tapered legs, 1 1/8"" steerer",Bulk Tracked Courier Delivery:,Red
Fuji Roubaix 1.1 Disc Road Bike (2018),"€1,498.99",Save 25%,"Frame: A6-SL super-butted 6066 aluminum, integrated 1 1/2"" lower head tube, PF30 shell, double water bottle mounts, oversized ETC chainstays, forged dropouts w/ flat-mount disc system, 12mm convertible thru-axle system w/ replaceable hanger","Fork: FC-440 carbon monocoque w/ tapered carbon steerer, 12mm thru-axle dropout w/ flat-mount disc system",Bulk Tracked Courier Delivery:, Cyan
Cube Nature PRO All Road Touring Bike (2018),€594.00,Save 15%,Frame:	Aluminium Superlite Trekking Cross Double Butted,"Forks: 	SR Suntour NEX HLO, 63mm",Bulk Tracked Courier Delivery:,Grey - White
TERRA C 105 Racing (2019) Bike,"€2,099.99",No discount applied,Frame: Orro Terra C Carbon Frame with Innegra Impact Protection,Fork: Orro Terra C Full Carbon with Innegra Impact Protection,Bulk Tracked Courier Delivery:, Stealth
Fuji Roubaix 1.3 Road Bike,€992.99,Save 29%,"Frame: A6-SL super-butted 6066 aluminum, integrated 1 1/2"" lower head tube, PF30 shell, double bottle mounts, oversized ETC chainstays, forged-road dropout with replaceable derailleur hanger","Fork: FC-440 carbon with tapered carbon steerer, alloy dropouts",Bulk Tracked Courier Delivery:,Black/Red
Fuji SL 2.1 Disc Road Bike (2018),"€2,473.99",Save 25%,"Frame: C10 high-modulus carbon, integrated head tube w/ 1 1/2"" lower, PF30 BB, double water bottle mounts, oversized ETC chainstays, flat-mount disc system, carbon dropout w/ 12mm convertible thru-axle system w/ replaceable hanger","Fork: FC-440 carbon monocoque w/ tapered carbon steerer, 12mm thru-axle dropout w/ flat-mount disc system",Bulk Tracked Courier Delivery:, Satin Sky Blue
Fuji Sportif 1.9 Disc Road Bike,€647.99,Save 30%,"Frame: A2-SL alloy tapered seatstays & chainstays with rack mount, flat mount disc & replaceable derailleur hanger","Fork: FC-440 full-carbon monocoque, quick-release axle with flat-mount disc tabs, tapered steerer",Bulk Tracked Courier Delivery:,Red
Cinelli Saetta  Centaur Bike,"€1,593.99",Save 14%,Frame: Columbus Carbon Fibre Monocoque,"Fork: Columbus Carbon Fibre, 1/18 to 1/14 alloy steerer",Bulk Tracked Courier Delivery:,Black Italo
Blank Hustla BMX Bike (2019),€330.00,No discount applied,Frame: Blank 1020 Hi-Tensile Steel,"Forks: Blank Compound, 18"", tapered, 30mm offset",Bulk Tracked Courier Delivery:,Choice of colours
Kona Hei Hei AL (2018) Mountain Bike,"€2,099.00",Save 25%,"Frame: Kona Race Light 6061 AluminIum Butted, 100mm Travel","Fork: RockShox Recon Gold RL Solo Air Tapered, Travel: 120mm, 110mm Spacing",Bulk Tracked Courier Delivery:,Gray
Cube Analog 27.5 Hardtail Mountain Bike,€628.99,Save 14%,Steerer: Tapered 1 1/8 - 1 1/2,Bottle Cage Mounts: Single,Bulk Tracked Courier Delivery:,Gray/Red
Stolen Stereo BMX Bike,€431.20,No discount applied,"Frame: Hand Welded 100% HiTen Steel, S-Bend chainstays for bigger tyres","Fork: 100% HiTen Steel, one-piece steerer, compressor topcap, 32mm offset",Bulk Tracked Courier Delivery:,Choice of colours
GT LaBomba (2019) Bike,"€1,099.00",No discount applied,"Frame: GT Dirt Jump 6061 Alloy, horizontal dropouts with built-in chain tensioners",Forks: Manitou Circus Expert with 20mm bolt-thru axle,Bulk Tracked Courier Delivery:,Purple
Stolen Sinner FC XLT BMX Bike,€794.20,No discount applied,"Frame: 100% 4130 CrMo w/ ""S-Bend"" chainstays & Removable Brake Mounts, Drilled for Gyro Tabs (Tabs not Included)",Fork: 100% 4130 CrMo & One-Piece Steerer w/ Vortex2 Topcap,Bulk Tracked Courier Delivery:,Black/Raw Fade
Cube Hyde Urban Bike (2018),€599.00,Save 14%,Frame: Aluminium Superlite Urban 29 Double Butted,"Forks: Aluminium Rigid Fork 29"" Taper",Bulk Tracked Courier Delivery:, Black - Yellow
Ghost Violent Roadrage 5.8 City Bike,"€1,868.99",Save 30%,Fork Material: Carbon,Steerer: Tapered 1 1/8 - 1 1/2,Bulk Tracked Courier Delivery:, Night Black/Ultravio
Vitus Venon CRi Disc Road Bike - Ultegra Di2,"€2,682.99",Save 23%,Weight: 8.4kg,"Frame: Carbon T700-HM UD, 142x12mm TA,",Bulk Tracked Courier Delivery:,Silver - Blue
Fuji Finest 2.3 Road Bike,€534.99,Save 29%,Frame: A2-SL Alloy,Fork: FC-770 Carbon,Bulk Tracked Courier Delivery:,Choice of colours
wethepeople Arcade BMX Bike,€418.99,Save 27%,"Frame: 1020 hi-tensile Steel/4130 CrMo downtube, TT: 20.5""; CS: 13.2""; BB: 11.75"" SO: 8.5""; HA: 75 degrees; SA: 71 degrees","Fork: Salt AM 20 fork, 1020 hi-tensile steel, 4130 CrMo steerer, 28mm offset",Bulk Tracked Courier Delivery:,Trans Blue
Fuji Cross 2.1 Cyclo-Cross Bike (2018),€719.98,Save 44%,Frame: A6-SL super-butted 6066 aluminum w/ shaped top tube,"Forks: Alloy blade cross fork, alloy crown w/ tapered alloy steerer & alloy dropouts",Bulk Tracked Courier Delivery:, Blue
Vitus Mach 3 Urban Bike - Metrea,€899.99,Save 18%,Versatile flat bar road bike,Shimano Metrea groupset,Bulk Tracked Courier Delivery:, Black - Silver
GT Force Carbon Expert (2019) Bike,"€3,999.00",No discount applied,Frame: Carbon,"Forks: RockShox Pike RC, 160mm, Charger Damper, DebonAir, 15x110mm, tapered steerer, 46mm offset",Bulk Tracked Courier Delivery:, Satin Raw
Fuji Nevada 29 1.9 Hardtail Bike,€367.99,Save 25%,"Steerer: 1 1/8"" Ahead",Bottle Cage Mounts: Double,Bulk Tracked Courier Delivery:,Choice of colours
Cube Attention SL 29 Hardtail Mountain Bike,€808.99,Save 14%,Steerer: Tapered 1 1/8 - 1 1/2,Bottle Cage Mounts: Single,Bulk Tracked Courier Delivery:,Aqua/Blue
Fuji Nevada 26 1.9 V Bike (2018),€321.99,Save 24%,Frame: Fuji A2-SL custom-butted alloy,Forks: CH-565 26 w/ 100mm travel,Bulk Tracked Courier Delivery:, Satin Black
Fuji Nevada 27.5 1.1 Hardtail Bike (2018),€748.99,Save 25%,"Frame: Fuji A2-SL custom-butted alloy front triangle w/ PowerCurve down tube, Fuji A1-SL alloy rear triangle, post disc mount, cold-forged dropout and replaceable hanger","Fork: RockShox XC30 TK 27.5, 100mm travel",Bulk Tracked Courier Delivery:, Satin Red
Ghost Hybrid Lector SX5.7+ LC Bike,"€4,824.99",No discount applied,Frame: Lector LC (lightweight carbon),Fork: Ghost LC (lightweight carbon) rigid forks,Bulk Tracked Courier Delivery:, Night Black/Neon Yel
Vitus 24 Kids Bike,€268.99,No discount applied,Light weight 6061 alloy frame,Tektro V Brakes,Bulk Tracked Courier Delivery:,Choice of colours
"Blank Buddy 16"" BMX Bike",€196.99,Save 43%,Frame: Blank 1020 Hi-Tensile Steel,"Fork: Blank Compound, 16"", tapered",Bulk Tracked Courier Delivery:,Vivid Matt Purple
Stolen Casino BMX Bike,€374.40,No discount applied,"Frame: Hand Welded HiTen Steel, Mid BB Shell","Fork: Stolen HiTen Steel, tapered legs & one-piece steerer, compressor topcap, 32mm offset",Bulk Tracked Courier Delivery:,Choice of colours
"Ghost Kato 1.6 26"" Hardtail Bike",€433.99,Save 23%,Steerer: Tapered 1 1/8 - 1 1/2,Bottle Cage Mounts: Single,Bulk Tracked Courier Delivery:,Neon Gree/Night Blac
Kiddimoto BMX Balance Bike,€129.99,Save 9%,"Wheel Size: 12"" (203)",No Feature 2,Bulk Tracked Courier Delivery:,Choice of colours
Cube Nature SL Touring Bike (2018),€669.00,Save 16%,Frame: Aluminium Superlite Trekking Cross Double Butted,"Forks: SR Suntour NEX HLO, 63mm",Bulk Tracked Courier Delivery:,Choice of colours
Ruption IMP BMX Bike (2019),€205.00,No discount applied,"Frame: Ruption 1020 Hi Ten 11.9"" Top Tube","Forks: Ruption 12"" Hi Ten Forks",Bulk Tracked Courier Delivery:,Choice of colours
"Ghost Hybrid Teru B5.7+ 27.5""+ E-Bike","€2,399.98",Save 34%,Frame: Hybride TERU AL Aluminium,"Fork: SR Suntour Raidon 34 LOR DS AIR, Travel: 120mm",Bulk Tracked Courier Delivery:, Night Black/Neon Ora
GT Aggressor Sport 27.5 Hardtail Mountain Bike,€341.99,Save 15%,"Frame: 6061-T6 Aluminium Triple Triangle Frame, replaceable hanger, 1 1/8 headtube, 27.5 design","Fork: All Terra CH-565, 26mm stanchions, alloy lower legs, 80mm travel for 27.5, disc brake specific",Bulk Tracked Courier Delivery:,Gunmetal
Vitus Sommet CRS Carbon FS Bike GX Eagle 1x12,"€2,946.99",Save 13%,"Frame: T700/T800 Toray Carbon Fibre front triangle with 6061-T6 Aluminium rear triangle with patented four-bar V-Link rear suspension, 160mm travel","Forks: RockShox Lyrik RC, 170mm travel",Bulk Tracked Courier Delivery:, Carbon - Red
Rondo HVRT AL - Road Bike (2018),"€1,774.99",No discount applied,Frame: Rondo HVRT Custom formed alloy,Fork: Rondo HVRT Twintip Carbon 1.5 - 1.125,Bulk Tracked Courier Delivery:, Blue/Gray
Cube Cube Touring Hybrid EXC 500,"€2,699.00",No discount applied,"Frame: Aluminium Superlite, Trekking Premium Sport, IC 2.0, Double Butted, Disc Only","Fork: SR Suntour NCX D LO Air, 63mm, Lockout",Bulk Tracked Courier Delivery:,Black/Gray
Blank Diablo BMX Bike (2019),€530.00,No discount applied,"Frame: Blank full 4130 CrMo, removable brake hardware, ""Grizzly"" geometry","Forks: Blank Generation 3, full 4130 CrMo, 20""",Bulk Tracked Courier Delivery:,Choice of colours
Vitus Substance Gravel Bike - Tiagra,€719.99,Save 24%,4130 CrMo frame & fork,"700c wheels, 38c tyres",Bulk Tracked Courier Delivery:, Blue - Orange
Kiddimoto Fossil Kurve Balance Bike,€87.99,Save 10%,"Wheel Size: 12"" (203)",No Feature 2,Bulk Tracked Courier Delivery:,Mulitcoloured
Vitus Razor Road Bike,€439.99,Save 22%,Weight: 10.3kg,Frame: AL6061 Alloy,Bulk Tracked Courier Delivery:, Black - Blue
Felt Doctrine 6 (2018) XC Carbon Hardtail Bike,"€1,491.73",Save 12%,"Frame: Felt XC, UHC Performance carbon fibre, MMC with InsideOut construction, carbon dropouts, ControlTaper head tube, Kevlar chain watcher, replaceable hanger, flat mount disc mounts, BB92, 12x148mm Syntace style thru axle","Fork: RockShox 30 Silver Solo Air, 100mm travel",Bulk Tracked Courier Delivery:, Chartreuse/Blue/Carb
Kona Explosif (2018) Mountain Bike,"€1,999.00",Save 33%,Frame: Reynolds 520 Butted CrMo,"Forks: RockShox Revelation RC Solo Air, Travel:  120mm",Bulk Tracked Courier Delivery:, Gloss Green
Kona Jake The Snake (2018) Cyclocross  Bike Yellow 52cm,"€1,199.98",Save 39%,"Frame: 6061 Aluminum, Butted",Forks: Kona Carbon,Bulk Tracked Courier Delivery:, Yellow
Octane One Gridd MTB Gravel Bike,"€1,168.99",Save 16%,Fork Material: Carbon,Steerer: Tapered 1 1/8 - 1 1/2,Bulk Tracked Courier Delivery:, Blue/Black
Vitus Vee 29 City Bike,€209.98,Save 30%,Frame: Al6061 alloy,Fork: Alloy Hi-Ten,Bulk Tracked Courier Delivery:, Blue Tint
"Diamondback Heist 2.0 27.5"" Hardtail Bike",€867.99,Save 9%,"Frame: Alloy Butted Hydrofomed Tubing, Integrated Headset, Forged Dropouts",Fork: Rockshox Recon Silver Soloair 120mm forks,Bulk Tracked Courier Delivery:, Yellow
"Diamondback Sync 3.0 27.5"" Hardtail Bike",€469.99,Save 9%,"Frame: Alloy Butted Hydroformed Tubing, Integrated Headset, Forged Dropouts",Fork: Suntour XCT-HLO Suspension,Bulk Tracked Courier Delivery:, Red
Ruption Hacker BMX Bike (2019),€280.00,No discount applied,"Frame: Ruption 1020 HI TEN with 20.5"" top tube",Forks: Ruption Tapered 1020 HI TEN,Bulk Tracked Courier Delivery:,Choice of colours
Fuji Nevada 27.5 1.5 Hardtail Bike,€531.99,Save 24%,"Frame: Fuji A2-SL custom-butted alloy front triangle w/ PowerCurve down tube, Fuji A1-SL alloy rear triangle, post disc mount, cold-forged dropout and replaceable hanger","Fork: SR Suntour SF15-XCM-HLO-DS-27.5 w/ hydraulic lockout, 100mm travel",Bulk Tracked Courier Delivery:,Marine Blue
Vitus 16 Kids Bike,€223.99,No discount applied,Light weight 6061 alloy frame,Custom handlebars designed for tiny hands,Bulk Tracked Courier Delivery:,Choice of colours
Kona Big Honzo (2018) Mountain Bike,"€1,519.00",Save 20%,Frame: Kona 6061 Butted Alloy,Forks: RockShox Recon Silver RL Solo Air,Bulk Tracked Courier Delivery:,Matt Black
Blank Sabbath BMX Bike (2019),€510.00,No discount applied,"Frame: Blank Tri-Moly, removable brake hardware, ""Park"" geometry","Forks: Blank 3+, 20"", CrMo steerer, 30mm offset",Bulk Tracked Courier Delivery:,Choice of colours
Cinelli Superstar Ultegra Bike,"€2,180.99",Save 14%,Frame: Columbus Carbon Fibre Monocoque,"Fork: Columbus Futura, full Carbon Fibre Monocoque, 1 1/8"" to 1 1/2"" tapered steerer",Bulk Tracked Courier Delivery:, Black Tie
Fuji Addy 27.5 1.5 Hardtail Bike,€531.99,Save 24%,Frame: Fuji A2-SL,"Fork: SR Suntour SF15-XCM-HLO-DS-27.5 with hydraulic lockout, 100mm travel",Bulk Tracked Courier Delivery:,Blue
Fuji Brevet 2.3 Disc Road Bike (2018),"€1,199.98",Save 42%,Frame: C5 carbon w/ VRTech,"Forks: FC-440 carbon monocoque w/ VRTech, tapered carbon steerer, flat-mount disc system, 12mm thru-axle dropout, hidden fender eyelet",Bulk Tracked Courier Delivery:, Dark Blue
"Ghost Slamr 3.7 27.5"" Full Suspension Bike","€1,852.99",Save 30%,Steerer: Tapered 1 1/8 - 1 1/2,Bottle Cage Mounts: Single,Bulk Tracked Courier Delivery:,Riot Red/Night Black
Ghost Nivolet 4.8 Road Bike,"€1,344.99",Save 35%,Fork Material: Carbon,Steerer: Tapered 1 1/8 - 1 1/2,Bulk Tracked Courier Delivery:, Shadow Grey/Smoke Gr
"Hustla 18"" BMX Bike",€197.98,Save 44%,Frame: Blank 1020 Hi-Tensile Steel,"Fork: Blank Compound, 18"", tapered",Bulk Tracked Courier Delivery:,Choice of colours
Vitus Substance V2 Gravel Bike - 105,"€1,268.99",Save 12%,Fork Material: Carbon,Steerer: Tapered 1 1/8 - 1 1/2,Bulk Tracked Courier Delivery:, Black - Raw
TERRA C Ultegra Racing (2019) Bike,"€2,799.99",No discount applied,Frame: Orro Terra C Carbon Frame with Innegra Impact Protection,Fork: Orro Terra C Full Carbon with Innegra Impact Protection,Bulk Tracked Courier Delivery:, Green
"Ghost Lanao R1.0 20"" Kids Bike",€283.99,Save 25%,Frame: Lanao Al Aluminium,Fork: Ghost AL 20 Rigid,Bulk Tracked Courier Delivery:,Star White/Neon Red/
"Ghost Roket 5.7+ 27.5""+ Hardtail Bike","€1,419.99",No discount applied,Steerer: Tapered 1 1/8 - 1 1/2,Bottle Cage Mounts: Single,Bulk Tracked Courier Delivery:,Army Green/Night Bla
"GT Street Performer 29"" (2019) Bike",€499.00,No discount applied,"Frame: GT 86' Pro Performer Design, 100% Cr-Mo Tubes, DT Gusset, MID BB, Seat Stay V-Brake, Integrated 1-1/8"" H/T w/ Removable Rotor Tabs","Forks: GT 86' Pro Performer Design, 100% Cr-Mo 2pc. Steerer, 31.8 O.D. Blades, 3/8"" Axle Dropouts",Bulk Tracked Courier Delivery:,Gloss Red
Niner SIR 9 2-Star Hardtail Bike,"€2,699.00",Save 10%,Frame: Reynolds 853 Steel,"Fork: Fox 34 Float Rhythm Grip Evol, sweep adjust, 120mm, 110x15mm",Bulk Tracked Courier Delivery:, Slate Blue/Orange
Kona Process 153 AL/DL 27.5 (2018) Bike,"€2,799.00",Save 30%,Frame: Kona 6061 butted Alloy,Forks: RockShox Yari Solo Air,Bulk Tracked Courier Delivery:, Matt Olive
De Rosa King XS (Ultegra - 2018) Road Bike,"€3,880.99",Save 26%,"Frame: TI1000, TI 800 and XN10 Carbon Fibre",Fork: De Rosa King XS,Bulk Tracked Courier Delivery:, Gray
Fuji Track Comp Road Bike,€366.99,Save 29%,Frame: A2-SL custom-butted alloy,"Fork: Fuji, forged alloy, 46T",Bulk Tracked Courier Delivery:, Black/Green
TERRA Gravel 105 Racing (2019) Bike,"€1,399.99",No discount applied,Frame: Orro Terra Gravel Triple Butted Aluminium Frame,Fork: Orro Superlight 2.0 Full Carbon,Bulk Tracked Courier Delivery:,Choice of colours
Kona Wo (2017) Mountain Bike,"€1,199.00",Save 36%,Frame: Kona 7005 Alloy,Fork:  Kona Wo Fat Disc Alloy,Bulk Tracked Courier Delivery:,Gloss Green
TERRA C 105 Adventure (2019) Bike,"€2,399.99",No discount applied,Frame: Orro Terra C Carbon Frame with Innegra Impact Protection,Fork: Orro Terra C Full Carbon with Innegra Impact Protection,Bulk Tracked Courier Delivery:, Green
TERRA GRAVEL 105 Hydro (2019) Bike,"€1,699.99",No discount applied,Frame: Orro Terra Gravel Triple Butted Aluminium Frame,Fork: Orro Superlight 2.0 Full Carbon,Bulk Tracked Courier Delivery:,Choice of colours
"Fuji Tahoe 29"" 1.3 Hardtail Bike","€1,124.99",Save 25%,Steerer: Tapered 1 1/8 - 1 1/2,Bottle Cage Mounts: Double,Bulk Tracked Courier Delivery:,Green/Black
Vitus Razor VRW Road Bike,€543.99,Save 20%,Weight: 9.75kg,6061 alloy frame,Bulk Tracked Courier Delivery:, Purple - Silver
GT Avalanche Expert (2019) Bike,€899.00,No discount applied,Frame: 6061 T6 Alloy with GT Triple Triangle design,Forks: RockShox Recon RL Solo Air,Bulk Tracked Courier Delivery:,Choice of colours
GT Sensor Carbon Expert (2019) Bike,"€3,899.00",No discount applied,"Frame: All New Sensor Carbon, 130mm rear wheel travel, carbon front/alloy rear frame, Boost 148 rear spacing, ISCG05 mounts, sealed bearing LockR pivots, Metric Trunnion shock mounts, coil shock compatible","Fork:  RockShox Revelation RC, 130mm Charger Damper, DebonAir, 15x110, tapered steerer",Bulk Tracked Courier Delivery:, Wine Red
Vitus Venon CR Disc Road Bike - 105,"€1,399.99",Save 36%,Weight: 8.87kg / 19.55lbs,"Frame: Carbon T700-HM UD, 142x12mm TA",Bulk Tracked Courier Delivery:, Silver - Black
Kona Process 165 (2018) Mountain Bike,"€2,998.80",Save 33%,Frame: Kona 6061 Aluminum Butted 165mm Travel,"Forks: RockShox Yari Charger RC DebonAir, Travel: 170mm",Bulk Tracked Courier Delivery:, Matt Grey
Cube Stereo 120 Race 29 Suspension Bike,"€2,158.99",Save 13%,Steerer: Tapered 1 1/8 - 1 1/2,Bottle Cage Mounts: Single,Bulk Tracked Courier Delivery:,Blue/Green
GT GTR Elite (2019) Bike,"€1,199.00",No discount applied,"Frame:All-New GTR Alloy frame, Tapered head tube, Threaded BB, Flat mount disc","Forks: All-New GTR Full Carbon fork, 1 1/8 to 1 1/4"" tapered, flat mount disc, 12mm thru axle",Bulk Tracked Courier Delivery:, Gloss Black & Teal
Cube Attain Pro Road Bike,€899.00,No discount applied,Fork Material: Carbon,Steerer: Tapered 1 1/8 - 1 1/2,Bulk Tracked Courier Delivery:,White/Red
Niner AIR 9 1-Star Hardtail Bike,"€1,439.00",Save 10%,Frame: Hydroformed Aluminium,"Fork: Rockshox Reba RL Solo Air, 100mm, 110x15mm",Bulk Tracked Courier Delivery:, Black/Cyan
Cube Litening C:68 SL Road Bike (2018),"€3,654.00",Save 15%,Frame: CUBE C:68 Advanced Twin Carbon Mold,"Forks: CUBE CSL Evo C:68 Technology, 1 1/8 - 1 1/4"" Tapered",Bulk Tracked Courier Delivery:,Team Wanty
Fuji Track Road Bike,€359.99,Save 29%,"Frame: Elios 2, custom-butted CrMo","Fork: Elios 2, custom-butted CrMo",Bulk Tracked Courier Delivery:, Black/Red
Fuji Addy 27.5 1.9 Hardtail Bike,€367.99,Save 25%,Fork: SR Suntour SF14-3030 27.5 w/ 75mm travel,"Steerer: 1 1/8"" Ahead",Bulk Tracked Courier Delivery:, Hot Coral
Cube Kid 160 Mountain Bike,€223.99,Save 19%,No Feature 1,No Feature 2,Bulk Tracked Courier Delivery:,Berry/Pink
Ghost Hybrid Kato S3.7+ Hardtail Bike,"€2,528.99",Save 30%,Frame: Hybride Kato 27.5 Alloy AL,Fork: RST Alpha 27.5+ 130mm Boost,Bulk Tracked Courier Delivery:,Night Black/Neon Red
"Ghost Lanao 1.6 26"" Ladies Hardtail Bike",€426.99,Save 26%,Steerer: Tapered 1 1/8 - 1 1/2,Bottle Cage Mounts: Single,Bulk Tracked Courier Delivery:,Star White/Lake Blue
Fuji Sportif 1.5 Disc Road Bike,€839.99,Save 30%,"Frame: A2-SL alloy tapered seatstays & chainstays with rack mount, flat mount disc & replaceable derailleur hanger","Fork: FC-440 full-carbon monocoque, quick-release axle with flat-mount disc tabs, tapered steerer",Bulk Tracked Courier Delivery:, Gray
GOLD STC Disc Ultegra Racing (2019) Bike,"€2,799.99",No discount applied,Frame: Orro Gold frame with Sigmatex Spread Tow Carbon,Fork: Orro STC Superlight 2.0 Full Carbon,Bulk Tracked Courier Delivery:, Black/Gold
Vitus Vitesse Evo CR Disc Road Bike - Ultegra,"€2,029.99",Save 32%,Weight: 7.9kg,High Modulus T700 carbon frameset,Bulk Tracked Courier Delivery:, Blue - Black
Vitus Razor VR Road Bike,€543.99,Save 20%,Weight: 9.99kg,6061 alloy frame,Bulk Tracked Courier Delivery:, Black - Yellow
Cube Nature EXC Trapeze Touring Bike (2018),€559.00,Save 20%,Frame: Aluminium Superlite Trekking Cross Double Butted,Frame Design: Trapeze Women's model with dropped top-tube for ease of access.,Bulk Tracked Courier Delivery:, Blue
"GT Mach One 16"" (2019) Bike",€249.00,No discount applied,"Frame: GT Mach One Race Styling, Aluminium","Forks: GT BMX design, 1"" Steerer, 1"" Blades, Aluminium",Bulk Tracked Courier Delivery:,Electric Blue
"Ghost Framr 8.7 27.5"" Full Suspension Bike","€5,129.99",No discount applied,Steerer: Tapered 1 1/8 - 1 1/2,Bottle Cage Mounts: Single,Bulk Tracked Courier Delivery:, Spectra Yellow/Night
Blank Buddy BMX Bike (2019),€315.00,No discount applied,Frame: Blank 1020 Hi-Tensile Steel,"Forks:  Blank Compound, 16"", tapered, 30mm offset",Bulk Tracked Courier Delivery:,Choice of colours
Colnago CRS 105 Road Bike,"€2,020.99",Save 30%,"Frame: Carbon Monocoque, internal cable routing","Fork: Carbon Monocoque, straight blade, tapered",Bulk Tracked Courier Delivery:,Black-White
Fuji Sportif 2.3 Road Bike,€534.99,Save 29%,"Frame: A2-SL Alloy tapered seatstays & chainstays with rack mount, forged-road dropout with 1 eyelet & replaceable derailleur hanger","Fork: FC-770 Carbon integrated with 1 1/8"" Alloy steerer",Bulk Tracked Courier Delivery:, Anthracite
Kona Rove NRB (2018) Road Bike Green 58cm Stock Bike,"€1,198.80",Save 33%,"Frame: 6061 Aluminum, Butted","Forks: Kona Carbon CX Race, Disc",Bulk Tracked Courier Delivery:, Green
Cube Town Hybrid EXC 500 Easy Entry E-Bike (2018),"€2,549.00",Save 15%,"Frame: Aluminium Superlite, Trekking Premium Comfort, IC 2.0, Double Butted","Fork : SR Suntour NCX D LO Air, 50mm, Lockout",Bulk Tracked Courier Delivery:,Silver - White
"Kona Process 153 CR 27.5"" (2018) Mountain Bike","€4,078.80",Save 25%,Frame: Kona DH Carbon/6061 Alloy stays,"Forks: RockShox Lyrik Solo Air, 160mm",Bulk Tracked Courier Delivery:, Black
Subrosa Tiro BMX Bike,€431.99,No discount applied,Frame: 100% 1020 High-Ten Steel,"Forks: CrMo steerer, Offset: 30mm",Bulk Tracked Courier Delivery:,Choice of colours
Felt FR30W (2018) Road Race Bike,"€1,133.99",Save 19%,"Frame: Felt Fit Woman Road SuperLite Custom Butted 6061 aluminuim, Dynaform TIG-welded construction, BB386 bottom bracket shell, replaceable hanger","Fork: Felt Fit Woman Road, UHC Advanced carbon fibre blades and dropouts, size specific, ControlTaper aluminium steerer",Bulk Tracked Courier Delivery:,Matte Merlot/White/F
"Ghost Lector 3.9 29"" Hardtail Bike","€1,639.99",Save 30%,Steerer: Tapered 1 1/8 - 1 1/2,Bottle Cage Mounts: Single,Bulk Tracked Courier Delivery:,Night Black/Star Whi
Cube Nature Trapeze Touring Road Bike,€449.00,Save 19%,"Frame: Aluminium Superlite Trekking Cross, double butted","Fork: SR Suntour NEX, 63mm",Bulk Tracked Courier Delivery:,Iridium/Blue
"Ghost Slamr X7.9 29"" Full Suspension Bike","€4,824.99",No discount applied,Steerer: Tapered 1 1/8 - 1 1/2,Bottle Cage Mounts: Single,Bulk Tracked Courier Delivery:,Riot Red/Night Black
Fuji Bighorn 27.5+ 1.7 Hardtail Bike (2018),€838.99,Save 30%,Frame: Fuji A6-SL super-butted alloy,"Forks: Suntour XCR 34 LO Coil, tapered steerer, Boost 110x15mm thru axle, 120mm travel",Bulk Tracked Courier Delivery:, Cool Grey
Vitus Dee 29 City Bike,€377.99,Save 10%,Frame: Al6061 alloy,Fork: Olympic Pro Steel,Bulk Tracked Courier Delivery:, Orange Tint
Fuji Track Pro INTL Road Bike (2018),€978.99,Save 30%,Frame: A6-SL super-butted 6066 aluminium w/ aero-shaped downtube,"Fork: Fuji straight-blade integrated carbon w/ 1 1/8"" alloy steerer",Bulk Tracked Courier Delivery:, Black - Red
AIRA Ultegra Racing (2019) Bike,"€2,199.99",No discount applied,Frame: Orro Aira Carbon Frame,Fork: Orro Superlight 2.0 Full Carbon,Bulk Tracked Courier Delivery:, Black/White
Cinelli Tipo Pista Bike  Purple XS Stock Bike,€752.99,Save 14%,Frame: Columbus Alloy Custom,"Fork: Columbus Carbon, Alloy 1 1/8 steerer",Bulk Tracked Courier Delivery:,Purple Rain
Kona Major Jake (2018) Road Bike,"€2,624.00",Save 25%,Carbon fiber frame,Full carbon fork,Bulk Tracked Courier Delivery:, Blue
Stolen Saint XLT BMX Bike,€567.40,No discount applied,"Frame: 100% CrMo, S-Bend chainstays for bigger tyres","Fork: 100% CrMo, tapered legs, one-piece steerer, compressor topcap, 28mm offset",Bulk Tracked Courier Delivery:,Choice of colours
Niner AIR 9 RDO 3-Star Hardtail Bike,"€3,599.00",Save 10%,Frame: RDO Carbon Compaction,"Fork: RockShox Reba RL Solo Air, 100mm, 110x15mm",Bulk Tracked Courier Delivery:, Orange
"Kona Prcoess 153 AL/DL 29"" (2018) Mountain Bike  Black","€2,799.00",Save 30%,"Frame: 6061 Aluminum, butted","Forks: RockShox Yari Solo Air, 160mm",Bulk Tracked Courier Delivery:, Black
Ghost Hybrid Square Cross B2.9 Bike,"€2,072.99",Save 30%,Frame: Hybride Square Cross AL,"Fork: RST Nova MLO, 60mm travel",Bulk Tracked Courier Delivery:,Urban Grey/Night Bla
Kiddimoto Mountain Balance Bike,€129.99,Save 9%,"Wheel Size: 12"" (203)",No Feature 2,Bulk Tracked Courier Delivery:,Choice of colours
Fuji Gran Fondo Classico 1.3 Road Bike (2018),"€1,188.99",Save 30%,Frame: C5 carbon,Forks: FC-440 carbon w/ tapered carbon steerer & alloy dropout,Bulk Tracked Courier Delivery:, Satin Carbon - Silve
Vitus Mach 3 Urban Bike - Claris,€539.99,Save 10%,Weight: 11.8kg,Versatile flat bar road bike,Bulk Tracked Courier Delivery:, Grey - Red
Fuji Gran Fondo 2.3 Disc Road Bike (2018),"€1,468.99",Save 30%,Frame: C5 carbon w/ VRTech,"Forks: FC-440 carbon monocoque w/ VRTech, tapered carbon steerer, 12mm thru-axle dropout, hidden fender eyelet",Bulk Tracked Courier Delivery:, Gloss Blue
"Ghost Lanao 5.7 27.5"" Ladies Full Suspension Bike","€1,797.99",Save 31%,Steerer: Tapered 1 1/8 - 1 1/2,Bottle Cage Mounts: Single,Bulk Tracked Courier Delivery:,Choice of colours
Ghost Road Rage 4.8 City Bike,"€2,134.99",Save 30%,Fork Material: Carbon,Steerer: Tapered 1 1/8 - 1 1/2,Bulk Tracked Courier Delivery:, Shiny Silver/Riot Re
Fuji Touring Disc Road Bike,€839.99,Save 30%,"Frame: Custom-butted Elios 2 CrMo, rack and fender mounts, Triple bottle mount, Flat mount disc, Pump peg and Chain hanger","Steerer: 1 1/8"" Ahead",Bulk Tracked Courier Delivery:,Anthracite
Felt AR4 (2018) Aero Road Bike,"€2,176.99",Save 19%,"Frame: Felt Aero Road UHC Performance Carbon fibre, MMC with InsideOut construction, BSA threaded shell, Carbon Fibre dropouts, replaceable hanger, internal cable routing","Fork: Felt Aero Road UHC Advanced Carbon Fibre monocoque construction, AeroTaper 1.125"" - 1.25"" Carbon Fibre steerer, integrated crown race, crown, blades and dropouts",Bulk Tracked Courier Delivery:, Matte Carbon/Acid
Fuji Norcom Straight 2.1 TT Bike (2018),"€2,473.99",Save 25%,"Frame: C5 aero carbon tubing, integrated seat clamp, integrated head tube, water bottle mount, aero stays w/ chainstay-mounted brake, vertical dropout w/ wheel-position adjustment","Fork: FC-330 carbon aero monocoque w/ 1 1/8"" carbon steerer, integrated airfoil brakes",Bulk Tracked Courier Delivery:, Satin Battleship Gre
Vitus Zenium VR Disc Road Bike - 105,€999.99,Save 23%,Weight: 9.4kg,6061 alloy frame,Bulk Tracked Courier Delivery:, Green - Black
GT Slammer (2019) Bike,€339.00,No discount applied,"Frame: GT FS Design, Hi-Ten Steel","Fork: GT FS Design, Hi-Ten Steel",Bulk Tracked Courier Delivery:,Choice of colours
Cube Access WS Mountain Bike,€359.00,Save 20%,Steerer: Tapered 1 1/8 - 1 1/2,Bottle Cage Mounts: Single,Bulk Tracked Courier Delivery:,Gray/Orange
Felt FR5 (2018) Road Race Bike,"€1,314.99",Save 20%,"Frame: Felt Race Road UHC Performance carbon fibre, MMC with InsideOut construction, carbon fibre dropouts, mechanical (external) or electronic (internal) cable routing","Fork: Felt Race Road UHC Advanced carbon fibre monocoque, ControlTaper 1.125""-1.5"" carbon fibre steer tube, integrated crown race, crown, blades and dropouts",Bulk Tracked Courier Delivery:, Matte Carbon/White/B
Fuji Nevada 27.5 1.7 Hardtail Bike,€449.99,Save 25%,"Fork: SR Suntour SF16-XCT-HLO-DS-27.5 w/ hydraulic lockout, 100mm travel","Steerer: 1 1/8"" Ahead",Bulk Tracked Courier Delivery:,Satin Charcoal
Felt F5X (2018) Cyclo Cross Bike,"€2,176.99",Save 19%,"Frame: Felt Cyclocross UHC Advanced + TeXtreme carbon fiber, MMC with InsideOut construction, BB386 bottom bracket shell, 12 x 142mm Syntace style thru axle, shoulder friendly top tube, flat mount disc, replaceable hanger, internal cable routing","Fork: Felt Cyclocross UHC Advanced + TeXtreme carbon fibre monocoque construction, ControlTaper 1.125"" - 1.5"" aluminum steerer, carbon fibre blades, flat mount disc standard, 12x100mm thru axle",Bulk Tracked Courier Delivery:, Matte TeXtreme Gloss
De Rosa King XS (Dura-Ace 9100 - 2017) Road Bike,"€4,445.98",Save 38%,Fork Material: Carbon,Steerer: Tapered 1 1/8 - 1 1/2,Bulk Tracked Courier Delivery:,Orange
Cube  Aim Pro 27.5 Hardtail Mountain Bike,€399.00,Save 25%,Steerer: Tapered 1 1/8 - 1 1/2,Bottle Cage Mounts: Single,Bulk Tracked Courier Delivery:,Choice of colours
Stolen Casino XL BMX Bike,€374.40,No discount applied,"Frame: Hand Welded HiTen Steel, Mid BB Shell","Fork: Stolen HiTen Steel, tapered legs & one-piece steerer, compressor topcap, 32mm offset",Bulk Tracked Courier Delivery:,Choice of colours
Diablo BMX Bike,€310.99,Save 46%,"Frame: Blank full 4130 CrMo, removable brake hardware","Fork: Blank Compound 2+, tapered, CrMo steerer",Bulk Tracked Courier Delivery:,Matte Black
Vitus Vitesse Evo CRi Road Bike - Ultegra Di2,"€2,349.99",Save 32%,Weight: 7.99kg,High Modulus T700 carbon frameset,Bulk Tracked Courier Delivery:, Silver - Black
Fuji Nevada 27.5 2.0 Hardtail Bike (2018),€673.99,Save 25%,"Frame: Fuji A2-SL custom-butted alloy front triangle, Fuji A1-SL alloy rear triangle, post disc mount, coldforged dropout and replaceable hanger","Fork: SR Suntour SF15-XCM-RL-DS-27.5 w/ remote lockout, 100mm travel",Bulk Tracked Courier Delivery:,Choice of colours
"Ruption Motion BMX Bike (2019) Sand Black 20""",€295.00,No discount applied,"Frame: Ruption 1020 Hi-Ten And 4130 CrMo Downtube, 20.75"" Top Tube",Forks: Ruption Tapered 1020 Hi-Ten,Bulk Tracked Courier Delivery:,Choice of colours
Cube Attain GTC Race Disc Road Bike,"€1,999.00",No discount applied,Fork Material: Carbon,Steerer: Tapered 1 1/8 - 1 1/2,Bulk Tracked Courier Delivery:,Grey/Green
Niner SIR 9 1-Star Hardtail Bike,"€1,979.00",Save 10%,"Frame: SIR 9, Reynolds 853 Steel, 148x12mm ""Boost"" rear spacing","Fork: RockShox Judy Gold RL Solo Air, 120mm travel, 110x15mm ""Boost"" spacing",Bulk Tracked Courier Delivery:, Slate Blue/Orange
GT Force AL Elite (2019) Bike,"€2,999.00",No discount applied,"Frame: All New Force Alloy, 150mm rear wheel travel, alloy front and rear frame, Boost 148 rear spacing, ISCG05 mounts, LockR pivots, Metric Trunnion shock mounts, coil shock compatible","Fork: RockShox Yari RC, 160mm, Charger Damper, DebonAir, 15x110mm, tapered steerer",Bulk Tracked Courier Delivery:, Gloss Chartreuse
Cube Stereo 160 SL 27.5 Suspension Bike,"€2,698.99",Save 14%,Steerer: Tapered 1 1/8 - 1 1/2,Bottle Cage Mounts: Single,Bulk Tracked Courier Delivery:, Metal/Blue
Felt B14 (2018) Triathlon Road Bike,"€1,809.99",Save 19%,"Frame: Felt Aero TT/Tri UHC Performance carbon fiber, MMC with InsideOut construction, BB30 bottom bracket shell, horizontal dropouts with integrated dropout adjusters, internal mechanical or electronic cable routing","Fork: Felt Aero TT/Tri UHC Performance carbon fibre blades and dropouts, 1.125"" aluminium steerer tube",Bulk Tracked Courier Delivery:, Matte Charcoal/Acid
Ghost Hybrid Kato S3.9 Hardtail Bike,"€2,528.99",Save 30%,Frame: Hybride Kato 27.5 Alloy AL,"Fork: RST Alpha 29, Travel: 130mm",Bulk Tracked Courier Delivery:,Night Black/Neon Red
Stolen Casino XS BMX Bike,€374.40,No discount applied,"Frame: Hand Welded HiTen Steel, Mid BB Shell","Fork: Stolen HiTen Steel, tapered legs & one-piece steerer, compressor topcap, 32mm offset",Bulk Tracked Courier Delivery:,Black/Red Tie Dye
"Ghost Kato 6.7 27.5"" Hardtail Bike",€762.99,Save 30%,Steerer: Tapered 1 1/8 - 1 1/2,Bottle Cage Mounts: Single,Bulk Tracked Courier Delivery:, Neon Green/Night Bla
Vitus Sommet CRX Carbon FS Bike XO1 Eagle 1x12,"€3,399.99",Save 20%,"Frame: T700/T800 Toray Carbon Fibre front triangle with 6061-T6 Aluminium rear triangle with patented four-bar V-Link rear suspension, 160mm travel","Forks: RockShox Lyrik RCT3, 170mm travel",Bulk Tracked Courier Delivery:, Matte Carbon - Gloss
Kiddimoto Fleur Kurve Balance Bike,€87.99,Save 10%,"Wheel Size: 12"" (203)",No Feature 2,Bulk Tracked Courier Delivery:,Multicoloured
"Ghost Lanao 3.9 29"" Ladies Hardtail Bike",€489.99,Save 30%,Steerer: Tapered 1 1/8 - 1 1/2,Bottle Cage Mounts: Single,Bulk Tracked Courier Delivery:,Star White/Neon Red/
Cube Hyde Trapeze Urban Bike (2018),€594.00,Save 15%,Frame:	Aluminium Superlite Urban 29 Double Butted,Frame Design: Trapeze Women's model with dropped top-tube for ease of access.,Bulk Tracked Courier Delivery:,Black - Yellow
GT Avalanche Sport 27.5 Hardtail Mountain Bike,€459.99,Save 14%,"Frame: 6061 T6 Aluminum Frame, w/ Triple Triangle?, Replaceable Derailleur Hanger, Disc Brake Mounts, and Zerostack tapered 1 1/8-1 1/2Head Tube","Fork: SR Suntour XCT-HLO w/ 100mm Travel, Steel Stanchions, Aluminum Leg, Post Mount Disc Brake, Hydraulic Lockout, QR",Bulk Tracked Courier Delivery:,Blue Steel
Sabbath BMX Bike,€297.99,Save 46%,"Frame: Blank 4130 TriMoly, removable brake hardware","Fork: Blank Compound 2+, tapered, CrMo steerer",Bulk Tracked Courier Delivery:,Choice of colours
Felt VR3 (2018) Road Bike,"€2,446.99",Save 20%,"Frame: Felt Variable Road UHC Advanced + TeXtreme carbon fibre, MMC with InsideOut construction, 12x142mm dropouts with Syntace style thru axle, flat mount disc brake standard","Fork: Felt Variable Road UHC Advanced + TeXtreme carbon fiber monocoque construction, size specific ControlTaper carbon fibre steerer tube, integrated crown race, crown, and blades, flat mount disc standard, 12x100mm thru axle",Bulk Tracked Courier Delivery:, Matte Carbon/Acid
Blank Tyro BMX BIke,€183.99,Save 45%,Frame: Blank 1020 Hi-Tensile Steel,"Fork: Blank Compound, tapered",Bulk Tracked Courier Delivery:,Choice of colours
Vitus Escarpe 29 VRX Mountain Bike (XT- 2019),"€3,299.99",No discount applied,Frame: 6061-T6 Alloy,"Forks: Fox 36 Fit Grip 2 Factory Boost, 29, 150mm, 44mm offset",No delivery information, Grey-Teal
Vitus Sentier VRX Mountain Bike (XT 1x11 - 2019),"€1,799.99",No discount applied,Frame: 6061-T6 Alloy,"Fork: Rockshox Revelation CHARGER RC Boost, 27.5, 140mm",No delivery information, Grey/Navy
Cube Stereo Hybrid 120 EXC 500 E-Bike (2018),"€2,729.00 - €3,144.00",No discount applied,"Frame: HPA Ultralight, Advanced Hydroform, Triple Butted, ETC 4-Link, ATG, Boost 148, Tuned Drive Position, AXH","Fork and Shock: Fox 34 Rhythm, 2-Position Sweep-Adjust GRIP Damper, Tapered, 15x110mm, 120mm; 	Fox Float DPS EVOL, 184x44mm, Open/Medium/Firm Mode",Bulk Tracked Courier Delivery:,Choice of colours
"Bobbin Moonbug (2017) 20"" Kids Bike",€166.99,Save 33%,Number of gears: 6,"Wheel Size: 20"" (406)",Bulk Tracked Courier Delivery:,Blueberry
"Ghost Kato 3.7 27.5"" Hardtail Bike",€603.70,Save 17%,Steerer: Tapered 1 1/8 - 1 1/2,Bottle Cage Mounts: Single,Bulk Tracked Courier Delivery:,Night Black/Neon Yel
GT GTR Comp (2019) Bike,€999.00,No discount applied,"Frame: All-New GTR Alloy frame, Tapered head tube, Threaded BB, Flat mount disc","Fork: All-New GTR Full Carbon fork, 1 1/8 to 1 1/4"" tapered, flat mount disc, 12mm thru axle",Bulk Tracked Courier Delivery:, Gloss Red & Black
Cube Town PRO Comfort Easy Entry Urban Bike (2018),€594.00,Save 15%,Frame: Aluminium Superlite Trekking Comfort Double Butted,Easy Entry: Women's frame.,Bulk Tracked Courier Delivery:,Black
Kiddimoto Pastel Dotty Kurve Balance Bike,€87.99,Save 10%,"Wheel Size: 12"" (203)",No Feature 2,No delivery information,Mulitcoloured
AIRA 105 Team (2019) Bike,"€1,499.99",No discount applied,Frame: Orro Aira Carbon Frame,Fork: Orro Superlight 2.0 Full Carbon,Bulk Tracked Courier Delivery:, Black/White
GT Transeo Elite Easy Entry (2019) Bike,€539.00,No discount applied,"Frame: GT Transeo, Triple Triangle, 6061 series alloy",Forks: SR Suntour NVX-DS HLO,Bulk Tracked Courier Delivery:, Satin Gun
Vitus Sentier VR Mountain Bike (SLX 1x11 - 2019),"€1,099.99",No discount applied,Frame: 6061-T6 Alloy,"Fork: Rockshox Sektor RL, 140mm",No delivery information, Gray/Black
GT Zaskar Carbon Comp (2019) Bike,"€1,999.00",No discount applied,"Frame: F.O.C. Carbon Fibre, Triple Triangle construction","Forks: RockShox Sektor RL, Travel: 100mm",Bulk Tracked Courier Delivery:, Satin Slate Blue
Vitus Sentier Mountain Bike (Deore 1x10 - 2019),€949.99,No discount applied,Groupset Manufacturer: Shimano,Brake Type: Hydraulic Disc Brake,No delivery information, Black/Blue
Cube Aim Race 29 Hardtail Mountain Bike,€439.00,Save 20%,Steerer: Tapered 1 1/8 - 1 1/2,Bottle Cage Mounts: Single,Bulk Tracked Courier Delivery:, White/Red
GT Zaskar AL Comp (2019) Bike,"€1,399.00",No discount applied,"Frame: GT Speed Metal, Triple Triangle Alloy",Forks: RockShox Recon RL,Bulk Tracked Courier Delivery:, Satin Black
Cube Town Hybrid Sport 500 Trapeze E-Bike (2018),"€1,954.00",Save 15%,"Frame: Aluminium Superlite, Trekking Premium Comfort, Double Butted","Forks: SR Suntour NEX-E25, 50mm",Bulk Tracked Courier Delivery:, Black - Glossy
Fuji Nevada 27.5 1.7 Hardtail Bike (2018),€523.99,Save 25%,Frame: Fuji A2-SL custom-butted alloy,"Fork: SR Suntour SF16-XCT-HLO-DS-27.5 w/ hydraulic lockout, 100mm travel",Bulk Tracked Courier Delivery:, Satin Charcoal
Fuji Addy 27.5 1.1 Hardtail Bike (2018),€748.99,Save 25%,Frame: Fuji A2-SL custom-butted alloy,"Fork: RockShox XC30 TK 27.5, 100mm travel",Bulk Tracked Courier Delivery:,Cool Violet
Felt VR2 (2018) Road Bike,"€4,438.99",Save 20%,"Frame: Felt Variable Road UHC Advanced + TeXtreme carbon fibre, 12 x 142mm thru axle, internal cable routing","Fork: Felt Variable Road UHC Advanced + TeXtreme carbon fibre monocoque, tapered steerer, 12 x 100mm thru axle",Bulk Tracked Courier Delivery:, Charcoal Metallic/Te
Vitus Sommet Suspension Bike - Deore 1x10,"€1,709.99",Save 10%,"Frame: Hydroformed Triple Butted 6061-T6 Aluminium frame with patented four-bar V-Link rear suspension, 160mm travel","Forks: Manitou Mattoc Comp, 160mm travel",No delivery information, Teal - Yellow
Ghost Kato S4.9 (2018) Hardtail E-Bike,"€2,399.98",Save 31%,Frame: Hybride Hybride KATO AL,"Forks: SR Suntour Raidon 34 LOR DS Air, Travel: 120mm",Bulk Tracked Courier Delivery:,Black/Gray
Fuji Roubaix 1.5 Road Bike Silver 52cm Stock Bike,€755.98,Save 39%,"Frame: A6-SL super-butted 6066 aluminium, integrated 1 1/2"" lower head tube, PF30 shell, double bottle mounts, oversized ETC chainstays, forged-road dropout with replaceable derailleur hanger",Fork: FC-440 carbon with tapered carbon steerer & alloy dropouts,Bulk Tracked Courier Delivery:, Satin Storm Silver
Kiddimoto Cherry Kurve Balance Bike,€87.99,Save 10%,"Wheel Size: 12"" (203)",No Feature 2,Bulk Tracked Courier Delivery:,Multicoloured
Vitus Sommet VRS FS Bike - Sram GX Eagle 1x12,"€2,468.99",Save 20%,"Frame: Hydroformed Triple Butted 6061-T6 Aluminium frame with patented four-bar V-Link rear suspension, 160mm travel","Forks: RockShox Lyrik RC, 170mm travel",No delivery information, Green - Yellow
Vitus Rapide CR Mountain Bike (GX Eagle - 2019),"€1,999.99",No discount applied,Frame: T7-HM-UD Carbon Fibre,"Forks: RockShox Reba RL Remote, 29, 100mm",No delivery information, Black-White
Vitus Nucleus 275 VRW Womens Mountain Bike (2019)    Blu,€559.99,No discount applied,Frame: 6061-T6 Alloy,"Fork: SunTour SF14-XCR32 Air 27.5, 120mm",No delivery information, Navy/Gold
Kona Process 134 SE (2018) Mountain Bike,"€1,569.00",Save 25%,"Frame: 6061 Aluminum, Butted","Forks: RockShox Recon RL Solo Air, 140mm",No delivery information,Orange
Vitus Sommet VR Mountain Bike (NX Eagle- 2019),"€2,349.99",No discount applied,Frame: 6061- T6 Alloy,"Forks: RockShox Yari CHARGER RC Boost 27.5, 170mm",No delivery information, Dark Green-Green
Vitus Rapide CRX Mountain Bike (XO1 Eagle - 2019),"€2,799.99",No discount applied,Frame: T7-HM-UD Carbon Fibre,"Forks: RockShox Sid RL Remote, 29, 100mm",No delivery information, Red-Black
Vitus Sentier 29 Mountain Bike (Deore 1x10 - 2019),€949.99,No discount applied,Frame: 6061-T6 Alloy,"Fork: Rockshox Recon RL Boost, 29, 130mm",No delivery information, Blue/Black
Vitus Nucleus 275 VR Mountain Bike (2019),€559.99,No discount applied,Frame: 6061-T6 Alloy,"Fork: SunTour SF14-XCR32 Air 27.5, 120mm",No delivery information, Black/Blue
Vitus Nucleus 29 VRS Mountain Bike (2019),€669.99,No discount applied,Frame: 6061-T6 Alloy,"Fork: SunTour SF19 XCR32 Boost Air, 29, 100mm",No delivery information, Gray/Red
Vitus Escarpe Mountain Bike (NX - 2019),"€1,799.99",No discount applied,Frame: 6061-T6 Alloy,"Forks: Rockshox Sektor RL Boost, 27.5, 150mm",No delivery information, Blue-Navy
Kona Honzo AL (2018) Mountain Bike,"€1,039.00",Save 30%,"Frame: 6061 Aluminum, Butted","Forks: RockShox Recon Silver RL Solo Air Boost, 120mm",No delivery information,Gray
Vitus Escarpe VRX Mountain Bike (XT - 2019),"€3,299.99",No discount applied,Frame: 6061-T6 Alloy,"Forks: Fox 36 Fit Grip 2 Factory Boost, 27.5, 150mm, 44mm offset",No delivery information, Grey-Teal
Vitus Nucleus 275 VRX Mountain Bike (2019),€779.99,No discount applied,Frame: 6061-T6 Alloy,"Fork: SunTour SF19 Raidon32, Boost, 27.5, 120mm",No delivery information, Dark Blue/Dark Grey
Vitus Nucleus 24 Kids Mountain Bike (2019 - Altus),€449.99,No discount applied,Frame: 6061-T6 Alloy,"Fork: Spinner Grind 24"" Air 65mm",No delivery information,Green
Vitus Rapide Mountian Bike (SLX 1x11 - 2019),€999.99,No discount applied,Frame: 6061-T6 Alloy,"Fork: RockShox Recon RL Remote, 29, 100mm",No delivery information, Black/Red
Vitus Escarpe VR Mountain Bike (NX Eagle - 2019),"€2,249.99",No discount applied,Frame: 6061-T6 Alloy,"Forks: Rockshox Revelation Charger RC Boost, 27.5, 150mm",No delivery information, Black-Grey
Vitus Sentier 29 VR Mountain Bike (SLX 1x11 - 2019),"€1,099.99",No discount applied,Frame: 6061-T6 Alloy,"Fork: Rockshox Sektor RL Boost, 29, 140mm",No delivery information, Gray/Black
Vitus Rapide VR Mountain Bike (NX Eagle 1x12 - 2019),"€1,299.99",No discount applied,Frame: 6061-T6 Alloy,"Fork: RockShox Sektor RL Remote, 29, 100mm",No delivery information, Black/Gray
Subrosa Letum BMX Bike,€641.99,No discount applied,Frame: 100% CrMo,"Forks: 100% CrMo, Offset: 30mm",Bulk Tracked Courier Delivery:,Choice of colours
Kiddimoto Super Junior Max Valentino Rossi Balance Bike,€129.99,Save 9%,"Wheel Size: 12"" (203)",No Feature 2,No delivery information,Multicoloured
Vitus Sommet CRX Mountain Bike (XT- 2019),"€3,899.99",No discount applied,Frame: T7-HM-UD Carbon Fibre,"Forks: Fox 36 Fit Grip 2 Factory Boost, 27.5, 170mm, 44mm offset",No delivery information, Teal-Black
Vitus Nucleus 275 VRS Mountain Bike (2019)    Gray/Red M,€669.99,No discount applied,Frame: 6061-T6 Alloy,"Fork: SunTour SF19-XCR32 Boost Air 27.5, 120mm",No delivery information, Gray/Red
Vitus Sentier VRS Mountain Bike (NX Eagle 1x12 - 2019) G,"€1,599.99",No discount applied,Frame: 6061-T6 Alloy,"Fork: Rockshox Revelation Motion Control RC Boost, 27.5, 140mm",No delivery information, Gray/Red
Vitus Escarpe VR Suspension Bike - SLX 1x11,"€1,889.99",Save 10%,"Frame: Hydroformed Triple Butted 6061-T6 Aluminium with patented four-bar V-Link rear suspension, 140mm travel","Forks: RockShox Revelation RC, 150mm travel, DebonAir spring, Motion Control RC Damper, External Rebound adjuster, Low Speed Compression to Lock, 35mm Alloy stanchions - fast black coating, tapered aluminium steerer, Boost 15x110mm axle, 46mm offset, Maxle Stealth",No delivery information, Chrome - Red
Vitus Dee 29 VR City Bike,€431.99,Save 10%,Frame: Al6061 alloy,Fork: Olympic Pro Steel,Bulk Tracked Courier Delivery:,Smoke Tint
Fuji Traverse 1.7 City Bike (2018),€405.99,Save 29%,Frame: Fuji A2-SL custom-butted alloy with easy entry female design,"Forks: SR NEX suspension, 63mm travel",Bulk Tracked Courier Delivery:, Light Cyan
Vitus Escarpe 29 VR Mountain Bike (NX Eagle- 2019),"€2,249.99",No discount applied,Frame: 6061-T6 Alloy,"Forks: RockShox Revelation CHARGER RC Boost, 29, 140mm",No delivery information, Black-Grey
Vitus Zenium SL VR Disc Road Bike - 105,"€1,149.99",Save 25%,Weight: 9.05kg,Superlight 6066 Triple butted SL frame,Bulk Tracked Courier Delivery:, Silver - Grey
TERRA GRAVEL Flatbar 105 (2019) Bike,"€1,399.99",No discount applied,Frame: Orro Terra Gravel Triple Butted Aluminium Frame,Fork: Orro Superlight 2.0 Full Carbon,Bulk Tracked Courier Delivery:, Silver
Blank Tyro BMX Bike (2019),€305.00,No discount applied,Frame: Blank 1020 Hi-Tensile Steel,"Forks:  Blank Compound, 20"", tapered, 30mm offset",Bulk Tracked Courier Delivery:,Choice of colours
Vitus Nucleus 29 VR Mountain Bike (2019)    Black/Blue L,€559.99,No discount applied,Frame: 6061-T6 Alloy,"Fork: SunTour SF14 XCR32 Air, Boost, 29, 100mm",No delivery information, Black/Blue
Fuji Nevada 26 1.9 Hardtail Bike,€351.99,Save 24%,Fork: SR Suntour SF14-3030 26 w/ 75mm travel,"Steerer: 1 1/8"" Ahead",Bulk Tracked Courier Delivery:,Sport White
Fuji SL Team Replica Road Bike,"€1,602.99",Save 30%,"Frame: C5 carbon frame, integrated head tube with 1 1/2 lower, PF30 BB, double bottle mounts, oversized chainstays, carbon dropouts with replaceable hanger",Fork: FC-440 carbon with tapered carbon steerer,Bulk Tracked Courier Delivery:, Black/Green
"Ghost Lector 2.9 29"" Hardtail Bike","€1,474.99",Save 30%,Steerer: Tapered 1 1/8 - 1 1/2,Bottle Cage Mounts: Single,Bulk Tracked Courier Delivery:, Neon Green/Night Bla
Vitus Sommet Mountain Bike (NX - 2019),"€1,899.99",No discount applied,Frame: 6061- T6 Alloy,"Forks: Manitou Mattoc COMP, 27.5 170mm Boost, VTT Damping, Expert Air, HexLock SL Axle",No delivery information, Black-White
"Cube Access WS 29"" Hardtail Bike (2018)",€359.00,Save 20%,"Frame: Aluminium Lite, AMF, Internal Cable Routing, Easy Mount Kickstand Ready","Fork: SR Suntour XCT, 100mm",Bulk Tracked Courier Delivery:, Grey - Orange
"Ruption Impact BMX Bike (2019) Polished Magenta 14""",€215.00,No discount applied,"Frame: Ruption 1020 Hi Ten, 14"" Top Tube","Forks: Ruption 14"", Hi Ten Forks",Bulk Tracked Courier Delivery:,Choice of colours
Vitus Sommet CRS Mountain Bike (GX Eagle- 2019),"€3,399.99",No discount applied,Frame: T7-HM-UD Carbon Fibre,"Forks: RockShox Lyric CHARGER 2 RC Boost 27.5, 170mm",No delivery information, Black-Grey
Vitus ZX1 CRi Aero Disc Bike - Ultegra Di2,"€3,205.99",Save 15%,Weight: 8.4kg,Aero optimised with Kammtail tube profiles,No delivery information,Black/Silver
Vitus Twentyfour Kids Bike,€224.99,Save 16%,Light weight 6061 alloy frame,Tektro V Brakes,No delivery information,Gray
Vitus Dominer DH Suspension Bike - Sram GX DH,"€2,410.99",Save 22%,Frame: Hydroformed Triple Butted 6061-T6 Alloy,"Forks: RockShox Boxxer World Cup, 200mm travel",Bulk Tracked Courier Delivery:,Teal - Black Matte
Kona Wheelhouse (2018) Road Bike,"€1,469.00",Save 30%,Frame: Reynolds 853 Butted CrMo,Fork: Kona Carbon Flat Mount Road Disc,Bulk Tracked Courier Delivery:, Gloss Racing Green
"GT Mach One Pro 24"" (2019) Bike",€399.00,No discount applied,"Frame: GT Mach One Race, 6061 AL, Euro BB, Reverse Dropouts, 1-1/8"" Integrated H/T","Forks: GT Mach One Race, 1-1/8"" Steerer, 31.8mm Legs, 3/8"" Dropouts",Bulk Tracked Courier Delivery:,Electric Blue
"Kona Process 153 AL 29"" (2018) Mountain Bike","€2,624.00",Save 25%,Frame: Kona 6061 Aluminum Butted,"Forks: RockShox Yari Boost, 160mm",Bulk Tracked Courier Delivery:, Black
Cube Nature SL Trapeze Touring Bike (2018),€629.00 - €679.00,No discount applied,Frame:	Aluminium Superlite Trekking Cross Double Butted,Frame Design: Trapeze Women's model with dropped top-tube for ease of access.,Bulk Tracked Courier Delivery:,Choice of colours
Vitus Vitesse Evo CRi Disc Bike - Ultegra Di2,"€2,799.99",Save 26%,Weight: 7.99kg (58cm bike),High Modulus T700 carbon frameset,Bulk Tracked Courier Delivery:, Green - Black
CRS Ultegra Road Bike,"€2,540.99",Save 29%,"Frame: Carbon Monocoque, internal cable routing, QR dropout","Fork: Carbon Monocoque, straight blade, tapered",Bulk Tracked Courier Delivery:,White-Green-Red
GT Transeo Sport (2019) Bike,€399.00,No discount applied,"Frame: GT Transeo Triple Triangle 6061 series alloy, smooth welded, and hydroformed (TT,DT), forged drop-outs, chainstay disc mounts, all utility braze ons","Forks: GT fork with steel raked legs, rack and fender eyelets, steel steerer",Bulk Tracked Courier Delivery:, Satin Black
Vitus Vitesse Evo Road Bike - 105,"€1,199.98",Save 36%,High Modulus T700 carbon frameset,Full UCI certification,Bulk Tracked Courier Delivery:, Red - Black
Blank Icon BMX Bike (2019),€430.00,No discount applied,"Frame: Blank 1020 Hi-Tensile Steel, CrMo downtube, removable brake hardware, ""Grizzly"" geometry","Forks: Blank 3, 20"", tapered, 30mm offset",Bulk Tracked Courier Delivery:,Choice of colours
Vitus Nucleus 26 Kids Mountain Bike (2019 - Altus),€499.99,No discount applied,Frame: 6061-T6 Alloy,Fork: Spinner 300  26 Air 100mm,No delivery information,Blue/Red
Fuji Nevada 29 1.7 Hardtail Nike,€449.99,Save 25%,"Fork: SR Suntour SF16-XCT-HLO-DS-29 w/ hydraulic lockout, 100mm travel","Steerer: 1 1/8"" Ahead",Bulk Tracked Courier Delivery:,Satin Charcoal
Cube Reaction Pro 29 Hardtail Mountain Bike,€988.99,Save 15%,MTB: Yes,No Feature 2,Bulk Tracked Courier Delivery:,Green/Black
Vitus Escarpe VRX FS Bike - Sram GX Eagle 1x12,"€2,499.99",Save 16%,"Frame: Hydroformed Triple Butted 6061-T6 Aluminium with patented four-bar V-Link rear suspension, 140mm travel","Forks: RockShox Pike RCT3, 150mm travel",Bulk Tracked Courier Delivery:, Grey - Black
Fuji Touring Road Bike,€599.98,Save 35%,"Frame: Custom-butted Elios 2 CrMo, rack and fender mounts, Triple bottle mount, Pump Peg and Chain Hanger","Steerer: 1 1/8"" Ahead",Bulk Tracked Courier Delivery:,Choice of colours
GT GTR Sport (2019) Bike,€779.00,No discount applied,"Frame: All-New GTR Alloy frame, Tapered head tube, Threaded BB, Flat mount disc","Fork: All-New GTR Full Carbon fork, 1 1/8 to 1 1/4"" tapered, flat mount disc, 12mm thru axle",Bulk Tracked Courier Delivery:, Gloss White & Black
Felt Edict 5 (2018) XC Full Suspension MTB Bike,"€2,421.99",Save 25%,"Frame: Felt XC, 100mm travel, FAST suspension, UHC Advanced carbon fibre, MMC with InsideOut construction, carbon dropouts, ControlTaper head tube, post disc mount, replaceable hanger, threaded BB, carbon rocker links, 12x148mm Syntace style thru axle","Fork: RockShox Recon RL Solo air, 120mm travel, remote, 15x110mm Boost thru axle",Bulk Tracked Courier Delivery:, Matte Black/Blue
Stolen x Fiction BMX Bike,€419.80,No discount applied,Frame: Hand Welded 100% Hi-tensile Steel,"Fork: Hi-tensile Steel, tapered legs, one-piece steerer, compressor topcap, 32mm offset",Bulk Tracked Courier Delivery:,Choice of colours
GT Transeo Comp Easy Entry (2019) Bike,€449.00,No discount applied,"Frame: GT Transeo Alloy, Triple Triangle design",Forks: SR Suntour NEX coil,Bulk Tracked Courier Delivery:, Ink Blue
GT Mach One Expert (2019) Bike,€339.00,No discount applied,"Frame: GT Mach One Race, 6061-T6 AL, Euro BB, Reverse Dropouts, 1-1/8"" Integrated H/T","Forks: GT BMX Pro Race, Hi-Ten Steel 1 1/8"" Steerer, Oval 28.6x2.2mm Blades, 315mm A/C, 3/8"" Dropouts",Bulk Tracked Courier Delivery:,Electric Blue
Fuji Nevada 27.5 1.3 Hardtail Bike,€637.99,Save 25%,Frame: Fuji A2-SL & A1-SL,"Fork: SR Suntour SF15-XCM-RL-DS-27.5 with remote lockout, 100mm travel",Bulk Tracked Courier Delivery:, Cool Grey
PYRO 105 Team (2019) Bike,"€1,399.99",No discount applied,Frame: Orro Pyro Carbon Frame,Fork: Orro Superlight 2.0 Full Carbon,Bulk Tracked Courier Delivery:, Red/White
Cube Town PRO Comfort Urban Bike (2018),€538.80,Save 22%,Frame: Aluminium Superlite Trekking Comfort Double Butted,"Forks: SR Suntour NEX, 63mm; EE: 50mm",Bulk Tracked Courier Delivery:, Black
Cube Reaction TM 27.5 Hardtail Mountain Bike,"€1,079.98",Save 36%,Steerer: Tapered 1 1/8 - 1 1/2,Bottle Cage Mounts: Single,Bulk Tracked Courier Delivery:, Gray/Black
